symbol,ruler_time_begin,ruler_time_end,open,close,high,low,volume
AAPL,2022-05-09 11:00:00,2022-05-09 11:05:00,155.17,155.01,155.5,154.85,14670
AAPL,2022-05-09 11:05:00,2022-05-09 11:10:00,155.02,155.11,155.15,154.81,6932
AAPL,2022-05-09 11:10:00,2022-05-09 11:15:00,155.13,155.18,155.28,155.09,5745
AAPL,2022-05-09 11:15:00,2022-05-09 11:20:00,155.15,155.04,155.24,155,2677
AAPL,2022-05-09 11:20:00,2022-05-09 11:25:00,155.09,154.74,155.1,154.7,8087
AAPL,2022-05-09 11:25:00,2022-05-09 11:30:00,154.79,154.74,155,154.63,5955
AAPL,2022-05-09 11:30:00,2022-05-09 11:35:00,154.72,154.21,154.75,154.2,11826
AAPL,2022-05-09 11:35:00,2022-05-09 11:40:00,154.29,154.35,154.47,154.11,13157
AAPL,2022-05-09 11:40:00,2022-05-09 11:45:00,154.27,154.37,154.46,154.27,8822
AAPL,2022-05-09 11:45:00,2022-05-09 11:50:00,154.43,154.7,154.7,154.34,20017
AAPL,2022-05-09 11:50:00,2022-05-09 11:55:00,154.56,154.6,154.74,154.45,6711
AAPL,2022-05-09 11:55:00,2022-05-09 12:00:00,154.55,154.55,154.68,154.4,8463
AAPL,2022-05-09 12:00:00,2022-05-09 12:05:00,154.52,154.43,154.55,154.41,1033
AAPL,2022-05-09 12:05:00,2022-05-09 12:10:00,154.45,154.41,154.5,154.41,6765
AAPL,2022-05-09 12:10:00,2022-05-09 12:15:00,154.42,154.65,154.7,154.4,5130
AAPL,2022-05-09 12:15:00,2022-05-09 12:20:00,154.6,154.59,154.64,154.5,1146
AAPL,2022-05-09 12:20:00,2022-05-09 12:25:00,154.54,154.74,154.86,154.54,5411
AAPL,2022-05-09 12:25:00,2022-05-09 12:30:00,154.75,154.41,154.79,154.41,3640
AAPL,2022-05-09 12:30:00,2022-05-09 12:35:00,154.48,154.4,154.55,154.4,5471
AAPL,2022-05-09 12:35:00,2022-05-09 12:40:00,154.37,154.16,154.4,154.16,10254
AAPL,2022-05-09 12:40:00,2022-05-09 12:45:00,154.18,154.37,154.37,154.16,15626
AAPL,2022-05-09 12:45:00,2022-05-09 12:50:00,154.35,154.2,154.37,154.12,7341
AAPL,2022-05-09 12:50:00,2022-05-09 12:55:00,154.26,154.14,154.33,154.14,3545
AAPL,2022-05-09 12:55:00,2022-05-09 13:00:00,154.2,154.29,154.29,153.95,16242
AAPL,2022-05-09 13:00:00,2022-05-09 13:05:00,154.25,154.29,154.37,154.11,2275
AAPL,2022-05-09 13:05:00,2022-05-09 13:10:00,154.24,154.23,154.31,154.18,1891
AAPL,2022-05-09 13:10:00,2022-05-09 13:15:00,154.24,154.19,154.29,154.15,8249
AAPL,2022-05-09 13:15:00,2022-05-09 13:20:00,154.17,154.29,154.32,154.17,2259
AAPL,2022-05-09 13:20:00,2022-05-09 13:25:00,154.3,154.22,154.34,154.22,2451
AAPL,2022-05-09 13:25:00,2022-05-09 13:30:00,154.29,154.19,154.31,154.02,9410
AAPL,2022-05-09 13:30:00,2022-05-09 13:35:00,154.11,153.84,154.19,153.84,9584
AAPL,2022-05-09 13:35:00,2022-05-09 13:40:00,153.82,153.61,153.85,153.59,12935
AAPL,2022-05-09 13:40:00,2022-05-09 13:45:00,153.63,153.32,153.67,153.3,15570
AAPL,2022-05-09 13:45:00,2022-05-09 13:50:00,153.48,153.49,153.61,153.19,11255
AAPL,2022-05-09 13:50:00,2022-05-09 13:55:00,153.52,153.39,153.61,153.16,9091
AAPL,2022-05-09 13:55:00,2022-05-09 14:00:00,153.36,153.45,153.64,153.31,4215
AAPL,2022-05-09 14:00:00,2022-05-09 14:05:00,153.66,153.65,154,153.5,57005
AAPL,2022-05-09 14:05:00,2022-05-09 14:10:00,153.6,153.5,153.9,153.47,24473
AAPL,2022-05-09 14:10:00,2022-05-09 14:15:00,153.47,153.46,153.6,153.31,45078
AAPL,2022-05-09 14:15:00,2022-05-09 14:20:00,153.48,153.3,153.48,153.25,16777
AAPL,2022-05-09 14:20:00,2022-05-09 14:25:00,153.29,153.06,153.29,152.9,84532
AAPL,2022-05-09 14:25:00,2022-05-09 14:30:00,153.04,152.95,153.09,152.87,21199
AAPL,2022-05-09 14:30:00,2022-05-09 14:35:00,152.92,153.24,153.24,152.77,52539
AAPL,2022-05-09 14:35:00,2022-05-09 14:40:00,153.27,153,153.3,152.94,20186
AAPL,2022-05-09 14:40:00,2022-05-09 14:45:00,153.04,153.21,153.32,152.95,38644
AAPL,2022-05-09 14:45:00,2022-05-09 14:50:00,153.14,153.48,153.54,153.05,18359
AAPL,2022-05-09 14:50:00,2022-05-09 14:55:00,153.46,153.65,153.78,153.32,30396
AAPL,2022-05-09 14:55:00,2022-05-09 15:00:00,153.68,153.72,153.93,153.59,52028
AAPL,2022-05-09 15:00:00,2022-05-09 15:05:00,153.75,153.87,155.5,152.88,355352
AAPL,2022-05-09 15:05:00,2022-05-09 15:10:00,153.86,153.98,154.21,153.75,108190
AAPL,2022-05-09 15:10:00,2022-05-09 15:15:00,153.88,153.62,153.939,153.57,48006
AAPL,2022-05-09 15:15:00,2022-05-09 15:20:00,153.7,153.31,153.79,153.28,35871
AAPL,2022-05-09 15:20:00,2022-05-09 15:25:00,153.36,153.56,153.6,153.3,68180
AAPL,2022-05-09 15:25:00,2022-05-09 15:30:00,153.59,153.45,153.67,153.33,47438
AAPL,2022-05-09 15:30:00,2022-05-09 15:35:00,153.4,153.58,153.75,153.18,48812
AAPL,2022-05-09 15:35:00,2022-05-09 15:40:00,153.65,154.15,154.15,153.601,54375
AAPL,2022-05-09 15:40:00,2022-05-09 15:45:00,154.08,154.21,154.65,153.965,120726
AAPL,2022-05-09 15:45:00,2022-05-09 15:50:00,154.2,154.22,154.3,153.81,56419
AAPL,2022-05-09 15:50:00,2022-05-09 15:55:00,154.26,154.22,154.44,154.02,34223
AAPL,2022-05-09 15:55:00,2022-05-09 16:00:00,154.23,154.02,154.23,154.01,46804
AAPL,2022-05-09 16:00:00,2022-05-09 16:05:00,154.1,153.78,154.1,153.67,113102
AAPL,2022-05-09 16:05:00,2022-05-09 16:10:00,153.825,153.9,153.98,153.7,39527
AAPL,2022-05-09 16:10:00,2022-05-09 16:15:00,153.88,154.41,154.41,153.71,50369
AAPL,2022-05-09 16:15:00,2022-05-09 16:20:00,154.4,153.91,154.42,153.82,2698465
AAPL,2022-05-09 16:20:00,2022-05-09 16:25:00,153.95,154.3,154.3,153.8,46013
AAPL,2022-05-09 16:25:00,2022-05-09 16:30:00,153.88,154.97,154.97,153.81,136097
AAPL,2022-05-09 16:30:00,2022-05-09 16:35:00,154.71,154.96,155.751,154.435,4232808
AAPL,2022-05-09 16:35:00,2022-05-09 16:40:00,155.01,155.29,155.82,154.84,2543270
AAPL,2022-05-09 16:40:00,2022-05-09 16:45:00,155.185,155.045,155.56,154.65,7540016
AAPL,2022-05-09 16:45:00,2022-05-09 16:50:00,154.99,154,155.01,153.46,2639096
AAPL,2022-05-09 16:50:00,2022-05-09 16:55:00,154.01,154.3,154.42,153.57,2191466
AAPL,2022-05-09 16:55:00,2022-05-09 17:00:00,154.25,153.51,154.37,153.394,1768340
AAPL,2022-05-09 17:00:00,2022-05-09 17:05:00,153.55,153.38,153.79,153.12,2090528
AAPL,2022-05-09 17:05:00,2022-05-09 17:10:00,153.42,153.11,153.652,153.11,1448304
AAPL,2022-05-09 17:10:00,2022-05-09 17:15:00,153.099,153.76,153.99,153.099,1628229
AAPL,2022-05-09 17:15:00,2022-05-09 17:20:00,153.74,153.39,154.07,153.19,1318447
AAPL,2022-05-09 17:20:00,2022-05-09 17:25:00,153.4,153.71,153.93,153.265,1282517
AAPL,2022-05-09 17:25:00,2022-05-09 17:30:00,153.68,153.172,153.89,153.16,1409987
AAPL,2022-05-09 17:30:00,2022-05-09 17:35:00,153.19,153.27,153.365,152.84,1829958
AAPL,2022-05-09 17:35:00,2022-05-09 17:40:00,153.264,152.896,153.48,152.795,1441069
AAPL,2022-05-09 17:40:00,2022-05-09 17:45:00,152.885,154.04,154.08,152.885,1740484
AAPL,2022-05-09 17:45:00,2022-05-09 17:50:00,154.09,154.18,154.52,153.98,1561302
AAPL,2022-05-09 17:50:00,2022-05-09 17:55:00,154.19,153.43,154.39,153.4,1337004
AAPL,2022-05-09 17:55:00,2022-05-09 18:00:00,153.41,152.85,153.61,152.85,1849236
AAPL,2022-05-09 18:00:00,2022-05-09 18:05:00,152.82,152.58,153.015,152.53,1992116
AAPL,2022-05-09 18:05:00,2022-05-09 18:10:00,152.6,152.77,152.8,152.362,1688126
AAPL,2022-05-09 18:10:00,2022-05-09 18:15:00,152.74,152.75,153.139,152.641,1368863
AAPL,2022-05-09 18:15:00,2022-05-09 18:20:00,152.7,152.67,152.93,152.51,1282679
AAPL,2022-05-09 18:20:00,2022-05-09 18:25:00,152.681,152.191,152.705,152.18,1203608
AAPL,2022-05-09 18:25:00,2022-05-09 18:30:00,152.189,152.26,152.44,152,1567472
AAPL,2022-05-09 18:30:00,2022-05-09 18:35:00,152.236,152.37,152.49,151.955,1480921
AAPL,2022-05-09 18:35:00,2022-05-09 18:40:00,152.36,153.06,153.09,152.32,1287334
AAPL,2022-05-09 18:40:00,2022-05-09 18:45:00,153.01,153.065,153.3,152.781,1181567
AAPL,2022-05-09 18:45:00,2022-05-09 18:50:00,153.06,152.759,153.16,152.62,1015028
AAPL,2022-05-09 18:50:00,2022-05-09 18:55:00,152.75,152.829,153.23,152.65,2278388
AAPL,2022-05-09 18:55:00,2022-05-09 19:00:00,152.86,152.161,152.87,152.07,1303698
AAPL,2022-05-09 19:00:00,2022-05-09 19:05:00,152.165,151.78,152.22,151.58,1764891
AAPL,2022-05-09 19:05:00,2022-05-09 19:10:00,151.775,152.59,152.89,151.74,1759617
AAPL,2022-05-09 19:10:00,2022-05-09 19:15:00,152.61,152.894,153.15,152.61,1199211
AAPL,2022-05-09 19:15:00,2022-05-09 19:20:00,152.88,153.05,153.282,152.88,1063035
AAPL,2022-05-09 19:20:00,2022-05-09 19:25:00,153.039,153.35,153.47,152.78,982213
AAPL,2022-05-09 19:25:00,2022-05-09 19:30:00,153.4,153.266,153.48,152.943,911810
AAPL,2022-05-09 19:30:00,2022-05-09 19:35:00,153.25,153.33,153.66,152.91,1094661
AAPL,2022-05-09 19:35:00,2022-05-09 19:40:00,153.29,152.5,153.346,152.49,898714
AAPL,2022-05-09 19:40:00,2022-05-09 19:45:00,152.5,152.56,152.735,152.46,773013
AAPL,2022-05-09 19:45:00,2022-05-09 19:50:00,152.5,152.59,152.62,152.39,758512
AAPL,2022-05-09 19:50:00,2022-05-09 19:55:00,152.55,152.61,152.78,152.469,790393
AAPL,2022-05-09 19:55:00,2022-05-09 20:00:00,152.6,152.41,152.85,152.41,692690
AAPL,2022-05-09 20:00:00,2022-05-09 20:05:00,152.41,152.61,152.82,152.345,802778
AAPL,2022-05-09 20:05:00,2022-05-09 20:10:00,152.616,152.69,152.85,152.51,674381
AAPL,2022-05-09 20:10:00,2022-05-09 20:15:00,152.65,152.36,152.65,152.26,789262
AAPL,2022-05-09 20:15:00,2022-05-09 20:20:00,152.34,152.727,152.885,152.32,744463
AAPL,2022-05-09 20:20:00,2022-05-09 20:25:00,152.7,152.75,152.79,152.54,658935
AAPL,2022-05-09 20:25:00,2022-05-09 20:30:00,152.77,153.32,153.44,152.74,1128457
AAPL,2022-05-09 20:30:00,2022-05-09 20:35:00,153.325,152.75,153.54,152.72,1019065
AAPL,2022-05-09 20:35:00,2022-05-09 20:40:00,152.71,152.895,152.92,152.58,844691
AAPL,2022-05-09 20:40:00,2022-05-09 20:45:00,152.88,153.11,153.24,152.78,1046094
AAPL,2022-05-09 20:45:00,2022-05-09 20:50:00,153.1,152.965,153.22,152.77,861141
AAPL,2022-05-09 20:50:00,2022-05-09 20:55:00,152.961,152.225,152.99,152.11,925028
AAPL,2022-05-09 20:55:00,2022-05-09 21:00:00,152.2,152.55,152.75,152.2,889751
AAPL,2022-05-09 21:00:00,2022-05-09 21:05:00,152.53,152.57,152.74,152.44,710712
AAPL,2022-05-09 21:05:00,2022-05-09 21:10:00,152.58,152.378,152.65,152.22,727873
AAPL,2022-05-09 21:10:00,2022-05-09 21:15:00,152.37,152.261,152.57,152.22,736246
AAPL,2022-05-09 21:15:00,2022-05-09 21:20:00,152.25,152.92,152.94,152.22,883277
AAPL,2022-05-09 21:20:00,2022-05-09 21:25:00,152.925,152.43,152.93,152.294,809893
AAPL,2022-05-09 21:25:00,2022-05-09 21:30:00,152.43,152.18,152.45,152.06,893429
AAPL,2022-05-09 21:30:00,2022-05-09 21:35:00,152.181,152.15,152.46,151.82,1432291
AAPL,2022-05-09 21:35:00,2022-05-09 21:40:00,152.14,152.356,152.7,152.091,1024060
AAPL,2022-05-09 21:40:00,2022-05-09 21:45:00,152.3,152.32,152.54,152.245,823333
AAPL,2022-05-09 21:45:00,2022-05-09 21:50:00,152.34,152.475,153.02,152.3,983404
AAPL,2022-05-09 21:50:00,2022-05-09 21:55:00,152.46,152.79,153.01,152.18,918333
AAPL,2022-05-09 21:55:00,2022-05-09 22:00:00,152.795,153.05,153.19,152.795,1154929
AAPL,2022-05-09 22:00:00,2022-05-09 22:05:00,153.14,153.113,153.595,152.88,1412681
AAPL,2022-05-09 22:05:00,2022-05-09 22:10:00,153.09,152.955,153.61,152.78,1532134
AAPL,2022-05-09 22:10:00,2022-05-09 22:15:00,152.94,153.455,153.57,152.92,1331946
AAPL,2022-05-09 22:15:00,2022-05-09 22:20:00,153.43,152.91,153.588,152.875,1175256
AAPL,2022-05-09 22:20:00,2022-05-09 22:25:00,152.85,152.41,152.85,152.32,1193219
AAPL,2022-05-09 22:25:00,2022-05-09 22:30:00,152.4,152.38,152.535,152.132,1075779
AAPL,2022-05-09 22:30:00,2022-05-09 22:35:00,152.35,152.46,152.49,152.08,1470548
AAPL,2022-05-09 22:35:00,2022-05-09 22:40:00,152.47,152.52,152.63,152.225,1311601
AAPL,2022-05-09 22:40:00,2022-05-09 22:45:00,152.516,152.04,152.52,151.94,1705492
AAPL,2022-05-09 22:45:00,2022-05-09 22:50:00,152.03,151.89,152.19,151.75,1806182
AAPL,2022-05-09 22:50:00,2022-05-09 22:55:00,151.77,151.615,152.095,151.51,3622561
AAPL,2022-05-09 22:55:00,2022-05-09 23:00:00,151.64,152.19,152.55,151.64,4891555
AAPL,2022-05-09 23:00:00,2022-05-09 23:05:00,152.15,152.54,152.65,152.06,10705334
AAPL,2022-05-09 23:05:00,2022-05-09 23:10:00,152.51,152.61,152.93,152.06,452785
AAPL,2022-05-09 23:10:00,2022-05-09 23:15:00,152.53,152.516,152.7,152.48,46236
AAPL,2022-05-09 23:15:00,2022-05-09 23:20:00,152.55,152.4,152.61,152.33,33096
AAPL,2022-05-09 23:20:00,2022-05-09 23:25:00,152.375,152.39,152.44,152.06,291334
AAPL,2022-05-09 23:25:00,2022-05-09 23:30:00,152.4,152.25,152.43,152.06,19547
AAPL,2022-05-09 23:30:00,2022-05-09 23:35:00,152.275,152.125,152.34,152.06,34957
AAPL,2022-05-09 23:35:00,2022-05-09 23:40:00,152.14,152.07,152.15,152.05,27905
AAPL,2022-05-09 23:40:00,2022-05-09 23:45:00,152.07,151.98,152.07,151.91,187569
AAPL,2022-05-09 23:45:00,2022-05-09 23:50:00,151.96,152,152.1,151.92,119211
AAPL,2022-05-09 23:50:00,2022-05-09 23:55:00,152.08,152.04,152.09,151.91,14287
AAPL,2022-05-09 23:55:00,2022-05-10 00:00:00,152.045,152.05,152.06,151.97,9843
AAPL,2022-05-10 00:00:00,2022-05-10 00:05:00,152.015,151.89,153.382,151.87,11019
AAPL,2022-05-10 00:05:00,2022-05-10 00:10:00,151.88,151.98,152,151.88,4723
AAPL,2022-05-10 00:10:00,2022-05-10 00:15:00,151.96,151.9,152,151.86,5930
AAPL,2022-05-10 00:15:00,2022-05-10 00:20:00,151.88,151.912,152,151.82,16923
AAPL,2022-05-10 00:20:00,2022-05-10 00:25:00,151.99,151.95,152,151.9,-94142
AAPL,2022-05-10 00:25:00,2022-05-10 00:30:00,151.94,151.84,151.98,151.82,5832
AAPL,2022-05-10 00:30:00,2022-05-10 00:35:00,151.83,151.81,152.06,151.8,359206
AAPL,2022-05-10 00:35:00,2022-05-10 00:40:00,151.82,151.81,151.85,151.76,12905
AAPL,2022-05-10 00:40:00,2022-05-10 00:45:00,151.8,151.91,151.91,151.7,14708
AAPL,2022-05-10 00:45:00,2022-05-10 00:50:00,151.9,151.81,151.98,151.72,9034
AAPL,2022-05-10 00:50:00,2022-05-10 00:55:00,151.76,151.81,151.9,151.73,12819
AAPL,2022-05-10 00:55:00,2022-05-10 01:00:00,151.83,151.925,151.95,151.769,5709
AAPL,2022-05-10 01:00:00,2022-05-10 01:05:00,151.99,152.32,152.67,151.99,44998
AAPL,2022-05-10 01:05:00,2022-05-10 01:10:00,152.33,152.185,152.39,152.1,5222
AAPL,2022-05-10 01:10:00,2022-05-10 01:15:00,152.19,152.18,152.28,152.01,8541
AAPL,2022-05-10 01:15:00,2022-05-10 01:20:00,152.2,152.28,152.355,152.15,9424
AAPL,2022-05-10 01:20:00,2022-05-10 01:25:00,152.29,152.28,152.31,152.21,4378
AAPL,2022-05-10 01:25:00,2022-05-10 01:30:00,152.3,152.35,152.4,152.26,4990
AAPL,2022-05-10 01:30:00,2022-05-10 01:35:00,152.3,152.57,152.67,152.26,7238
AAPL,2022-05-10 01:35:00,2022-05-10 01:40:00,152.59,152.48,152.67,152.48,8054
AAPL,2022-05-10 01:40:00,2022-05-10 01:45:00,152.44,152.52,152.6,152.4,2991
AAPL,2022-05-10 01:45:00,2022-05-10 01:50:00,152.54,152.6,152.6,152.45,1752
AAPL,2022-05-10 01:50:00,2022-05-10 01:55:00,152.65,152.525,152.65,152.45,4058
AAPL,2022-05-10 01:55:00,2022-05-10 02:00:00,152.55,152.6,152.6,152.5,6477
AAPL,2022-05-10 02:00:00,2022-05-10 02:05:00,152.56,152.58,152.65,152.51,6619
AAPL,2022-05-10 02:05:00,2022-05-10 02:10:00,152.6,152.67,152.67,152.5,10356
AAPL,2022-05-10 02:10:00,2022-05-10 02:15:00,152.605,152.49,152.66,152.43,2767
AAPL,2022-05-10 02:15:00,2022-05-10 02:20:00,152.51,152.27,152.51,152.2,12889
AAPL,2022-05-10 02:20:00,2022-05-10 02:25:00,152.3,152.33,152.38,152.25,4192
AAPL,2022-05-10 02:25:00,2022-05-10 02:30:00,152.305,152.36,152.36,152.2,6815
AAPL,2022-05-10 02:30:00,2022-05-10 02:35:00,152.33,152.4,152.49,152.33,3800
AAPL,2022-05-10 02:35:00,2022-05-10 02:40:00,152.375,152.33,152.46,152.32,3052
AAPL,2022-05-10 02:40:00,2022-05-10 02:45:00,152.37,152.36,152.485,152.3,13094
AAPL,2022-05-10 02:45:00,2022-05-10 02:50:00,152.35,152.36,152.44,152.3,3089
AAPL,2022-05-10 02:50:00,2022-05-10 02:55:00,152.33,152.35,152.49,152.3,7684
AAPL,2022-05-10 02:55:00,2022-05-10 03:00:00,152.405,152.65,152.75,152.32,33158
AAPL,2022-05-10 11:00:00,2022-05-10 11:05:00,153.68,154,154.08,153.68,-131559427
AAPL,2022-05-10 11:05:00,2022-05-10 11:10:00,154.09,154.24,154.28,153.85,12988
AAPL,2022-05-10 11:10:00,2022-05-10 11:15:00,154.19,154.18,154.3,154.17,4329
AAPL,2022-05-10 11:15:00,2022-05-10 11:20:00,154.12,154.25,154.3,154.1,9983
AAPL,2022-05-10 11:20:00,2022-05-10 11:25:00,154.3,154.59,154.62,154.25,19958
AAPL,2022-05-10 11:25:00,2022-05-10 11:30:00,154.61,154.64,154.66,154.5,10091
AAPL,2022-05-10 11:30:00,2022-05-10 11:35:00,154.66,154.7,154.77,154.62,5373
AAPL,2022-05-10 11:35:00,2022-05-10 11:40:00,154.67,154.62,154.87,154.6,5857
AAPL,2022-05-10 11:40:00,2022-05-10 11:45:00,154.71,154.62,154.71,154.47,12309
AAPL,2022-05-10 11:45:00,2022-05-10 11:50:00,154.63,154.61,154.68,154.56,2709
AAPL,2022-05-10 11:50:00,2022-05-10 11:55:00,154.65,154.27,154.65,154.27,9817
AAPL,2022-05-10 11:55:00,2022-05-10 12:00:00,154.28,154.4,154.46,154.09,9921
AAPL,2022-05-10 12:00:00,2022-05-10 12:05:00,154.41,154.32,154.45,154.23,7040
AAPL,2022-05-10 12:05:00,2022-05-10 12:10:00,154.31,154.48,154.48,154.3,2788
AAPL,2022-05-10 12:10:00,2022-05-10 12:15:00,154.45,154.48,154.48,154.4,8340
AAPL,2022-05-10 12:15:00,2022-05-10 12:20:00,154.47,154.34,154.5,154.32,2940
AAPL,2022-05-10 12:20:00,2022-05-10 12:25:00,154.37,154.37,154.41,154.21,2463
AAPL,2022-05-10 12:25:00,2022-05-10 12:30:00,154.34,154.34,154.38,154.3,468
AAPL,2022-05-10 12:30:00,2022-05-10 12:35:00,154.37,154.39,154.41,154.34,532
AAPL,2022-05-10 12:35:00,2022-05-10 12:40:00,154.38,154.5,154.53,154.32,8791
AAPL,2022-05-10 12:40:00,2022-05-10 12:45:00,154.53,154.44,154.69,154.3,5727
AAPL,2022-05-10 12:45:00,2022-05-10 12:50:00,154.45,154.25,154.45,154.15,2957
AAPL,2022-05-10 12:50:00,2022-05-10 12:55:00,154.23,153.84,154.28,153.84,2713
AAPL,2022-05-10 12:55:00,2022-05-10 13:00:00,153.85,153.6,154.02,153.55,14644
AAPL,2022-05-10 13:00:00,2022-05-10 13:05:00,153.73,153.57,153.77,153.57,2735
AAPL,2022-05-10 13:05:00,2022-05-10 13:10:00,153.56,153.72,153.97,153.56,5394
AAPL,2022-05-10 13:10:00,2022-05-10 13:15:00,153.73,153.83,153.85,153.71,668
AAPL,2022-05-10 13:15:00,2022-05-10 13:20:00,153.84,153.6,153.85,153.4,20107
AAPL,2022-05-10 13:20:00,2022-05-10 13:25:00,153.53,153.71,153.71,153.52,15048
AAPL,2022-05-10 13:25:00,2022-05-10 13:30:00,153.66,153.6,153.7,153.56,21186
AAPL,2022-05-10 13:30:00,2022-05-10 13:35:00,153.65,153.72,153.72,153.64,1808
AAPL,2022-05-10 13:35:00,2022-05-10 13:40:00,153.71,153.85,153.95,153.71,5665
AAPL,2022-05-10 13:40:00,2022-05-10 13:45:00,153.83,153.9,153.92,153.83,1256
AAPL,2022-05-10 13:45:00,2022-05-10 13:50:00,153.89,153.72,153.98,153.7,4300
AAPL,2022-05-10 13:50:00,2022-05-10 13:55:00,153.7,153.54,153.81,153.54,5008
AAPL,2022-05-10 13:55:00,2022-05-10 14:00:00,153.63,153.5,153.63,153.45,5638
AAPL,2022-05-10 14:00:00,2022-05-10 14:05:00,153.42,153.35,153.59,153.32,21982
AAPL,2022-05-10 14:05:00,2022-05-10 14:10:00,153.37,153.55,153.56,153.28,14603
AAPL,2022-05-10 14:10:00,2022-05-10 14:15:00,153.57,153.55,153.59,153.45,7639
AAPL,2022-05-10 14:15:00,2022-05-10 14:20:00,153.52,153.22,153.55,153.21,7410
AAPL,2022-05-10 14:20:00,2022-05-10 14:25:00,153.24,153.34,153.4,153.19,5666
AAPL,2022-05-10 14:25:00,2022-05-10 14:30:00,153.32,153.51,153.51,153.22,13115
AAPL,2022-05-10 14:30:00,2022-05-10 14:35:00,153.5,153.68,153.72,153.4,5924
AAPL,2022-05-10 14:35:00,2022-05-10 14:40:00,153.67,153.6,153.71,153.59,12554
AAPL,2022-05-10 14:40:00,2022-05-10 14:45:00,153.65,153.45,153.72,153.45,16446
AAPL,2022-05-10 14:45:00,2022-05-10 14:50:00,153.48,153.7,153.72,153.29,23244
AAPL,2022-05-10 14:50:00,2022-05-10 14:55:00,153.64,153.5,153.7,153.5,8170
AAPL,2022-05-10 14:55:00,2022-05-10 15:00:00,153.45,153.76,153.78,153.4,16562
AAPL,2022-05-10 15:00:00,2022-05-10 15:05:00,153.54,154.11,154.669,153.2,2606270
AAPL,2022-05-10 15:05:00,2022-05-10 15:10:00,154.1,154.49,154.58,154.04,96189
AAPL,2022-05-10 15:10:00,2022-05-10 15:15:00,154.47,154.42,154.58,154.33,40815
AAPL,2022-05-10 15:15:00,2022-05-10 15:20:00,154.36,154.64,154.66,154.25,52590
AAPL,2022-05-10 15:20:00,2022-05-10 15:25:00,154.52,154.47,154.72,154.44,42942
AAPL,2022-05-10 15:25:00,2022-05-10 15:30:00,154.45,154.45,154.51,154.36,15560
AAPL,2022-05-10 15:30:00,2022-05-10 15:35:00,154.41,154.57,154.75,154.35,38958
AAPL,2022-05-10 15:35:00,2022-05-10 15:40:00,154.6,155.049,155.049,154.56,101284
AAPL,2022-05-10 15:40:00,2022-05-10 15:45:00,155.02,154.78,155.05,154.77,57306
AAPL,2022-05-10 15:45:00,2022-05-10 15:50:00,154.76,154.75,154.8,154.6,30612
AAPL,2022-05-10 15:50:00,2022-05-10 15:55:00,154.76,155.19,155.24,154.65,65027
AAPL,2022-05-10 15:55:00,2022-05-10 16:00:00,155.239,155.58,155.83,155.16,141398
AAPL,2022-05-10 16:00:00,2022-05-10 16:05:00,155.52,155.895,155.99,155.5,102839
AAPL,2022-05-10 16:05:00,2022-05-10 16:10:00,155.96,155.66,156,155.6,342359
AAPL,2022-05-10 16:10:00,2022-05-10 16:15:00,155.65,155.67,155.95,155.65,57053
AAPL,2022-05-10 16:15:00,2022-05-10 16:20:00,155.72,155.26,155.75,155.22,74409
AAPL,2022-05-10 16:20:00,2022-05-10 16:25:00,155.25,155.23,155.3,155.16,72570
AAPL,2022-05-10 16:25:00,2022-05-10 16:30:00,155.01,155.5,155.57,155,138586
AAPL,2022-05-10 16:30:00,2022-05-10 16:35:00,155.69,155.965,156.519,155.59,4775213
AAPL,2022-05-10 16:35:00,2022-05-10 16:40:00,155.9,155.88,156.2,155.51,2488291
AAPL,2022-05-10 16:40:00,2022-05-10 16:45:00,155.9,155.185,155.921,155.12,2202798
AAPL,2022-05-10 16:45:00,2022-05-10 16:50:00,155.16,154.66,155.16,154.53,2229754
AAPL,2022-05-10 16:50:00,2022-05-10 16:55:00,154.68,154.625,154.782,154.14,2559056
AAPL,2022-05-10 16:55:00,2022-05-10 17:00:00,154.67,155.78,155.83,154.623,1924367
AAPL,2022-05-10 17:00:00,2022-05-10 17:05:00,155.77,156.14,156.24,155.651,1789986
AAPL,2022-05-10 17:05:00,2022-05-10 17:10:00,156.17,155.93,156.37,155.87,1503459
AAPL,2022-05-10 17:10:00,2022-05-10 17:15:00,155.95,155.6,156.11,155.46,1426280
AAPL,2022-05-10 17:15:00,2022-05-10 17:20:00,155.62,156.1,156.381,155.62,1713421
AAPL,2022-05-10 17:20:00,2022-05-10 17:25:00,156.089,155.65,156.19,155.36,1469037
AAPL,2022-05-10 17:25:00,2022-05-10 17:30:00,155.61,155.4,155.8,155.18,1268261
AAPL,2022-05-10 17:30:00,2022-05-10 17:35:00,155.398,155.3,155.577,155.1,1224441
AAPL,2022-05-10 17:35:00,2022-05-10 17:40:00,155.34,155.04,155.43,154.96,1060862
AAPL,2022-05-10 17:40:00,2022-05-10 17:45:00,155.06,155.34,155.34,154.67,1621936
AAPL,2022-05-10 17:45:00,2022-05-10 17:50:00,155.3,154.39,155.32,154.24,1163118
AAPL,2022-05-10 17:50:00,2022-05-10 17:55:00,154.38,154.56,154.701,153.97,1487536
AAPL,2022-05-10 17:55:00,2022-05-10 18:00:00,154.57,154.497,154.897,154.34,1061807
AAPL,2022-05-10 18:00:00,2022-05-10 18:05:00,154.45,153.98,154.737,153.81,1307253
AAPL,2022-05-10 18:05:00,2022-05-10 18:10:00,154.03,153.35,154.03,153.275,1321487
AAPL,2022-05-10 18:10:00,2022-05-10 18:15:00,153.32,153.29,153.65,153.15,1592654
AAPL,2022-05-10 18:15:00,2022-05-10 18:20:00,153.27,153.931,153.95,153.16,1529281
AAPL,2022-05-10 18:20:00,2022-05-10 18:25:00,153.94,153.47,154.028,153.43,1189935
AAPL,2022-05-10 18:25:00,2022-05-10 18:30:00,153.47,153.72,153.76,153.115,1065546
AAPL,2022-05-10 18:30:00,2022-05-10 18:35:00,153.67,153.51,153.8,153.05,1161879
AAPL,2022-05-10 18:35:00,2022-05-10 18:40:00,153.55,154.275,154.43,153.41,1328772
AAPL,2022-05-10 18:40:00,2022-05-10 18:45:00,154.31,154.238,154.53,153.99,1025468
AAPL,2022-05-10 18:45:00,2022-05-10 18:50:00,154.23,153.85,154.24,153.699,772490
AAPL,2022-05-10 18:50:00,2022-05-10 18:55:00,153.82,153.79,153.94,153.38,738930
AAPL,2022-05-10 18:55:00,2022-05-10 19:00:00,153.84,153.76,154,153.2,897521
AAPL,2022-05-10 19:00:00,2022-05-10 19:05:00,153.785,154.24,154.325,153.49,2307650
AAPL,2022-05-10 19:05:00,2022-05-10 19:10:00,154.26,153.526,154.286,153.48,763468
AAPL,2022-05-10 19:10:00,2022-05-10 19:15:00,153.52,153.74,154.07,153.43,843915
AAPL,2022-05-10 19:15:00,2022-05-10 19:20:00,153.71,153.74,154.14,153.655,756189
AAPL,2022-05-10 19:20:00,2022-05-10 19:25:00,153.72,153.77,153.96,153.56,664435
AAPL,2022-05-10 19:25:00,2022-05-10 19:30:00,153.755,153.75,154.11,153.625,759475
AAPL,2022-05-10 19:30:00,2022-05-10 19:35:00,153.72,153.265,153.97,152.98,1131301
AAPL,2022-05-10 19:35:00,2022-05-10 19:40:00,153.23,153.205,153.59,153.15,770388
AAPL,2022-05-10 19:40:00,2022-05-10 19:45:00,153.15,153.69,153.79,153.09,779670
AAPL,2022-05-10 19:45:00,2022-05-10 19:50:00,153.705,153.92,154.197,153.6,1156452
AAPL,2022-05-10 19:50:00,2022-05-10 19:55:00,153.91,153.4,153.95,153.33,716370
AAPL,2022-05-10 19:55:00,2022-05-10 20:00:00,153.38,153.36,153.62,153.26,614554
AAPL,2022-05-10 20:00:00,2022-05-10 20:05:00,153.4,153.85,153.93,153.25,1049170
AAPL,2022-05-10 20:05:00,2022-05-10 20:10:00,153.87,154.05,154.18,153.84,886319
AAPL,2022-05-10 20:10:00,2022-05-10 20:15:00,154.01,154.01,154.06,153.73,632386
AAPL,2022-05-10 20:15:00,2022-05-10 20:20:00,154.02,153.691,154.12,153.55,803771
AAPL,2022-05-10 20:20:00,2022-05-10 20:25:00,153.73,153.76,154.02,153.48,916982
AAPL,2022-05-10 20:25:00,2022-05-10 20:30:00,153.91,154.64,154.645,153.82,1056479
AAPL,2022-05-10 20:30:00,2022-05-10 20:35:00,154.69,155.22,155.28,154.69,1099427
AAPL,2022-05-10 20:35:00,2022-05-10 20:40:00,155.23,155.655,155.695,155.22,1318072
AAPL,2022-05-10 20:40:00,2022-05-10 20:45:00,155.67,156,156.26,155.58,1570777
AAPL,2022-05-10 20:45:00,2022-05-10 20:50:00,156.015,156.54,156.54,155.91,1548218
AAPL,2022-05-10 20:50:00,2022-05-10 20:55:00,156.55,156.43,156.58,156.16,1048692
AAPL,2022-05-10 20:55:00,2022-05-10 21:00:00,156.5,156.695,156.73,156.36,1050149
AAPL,2022-05-10 21:00:00,2022-05-10 21:05:00,156.716,156.533,156.72,156.39,967530
AAPL,2022-05-10 21:05:00,2022-05-10 21:10:00,156.56,156.22,156.61,156.01,989413
AAPL,2022-05-10 21:10:00,2022-05-10 21:15:00,156.24,156.6,156.7,156.24,1153395
AAPL,2022-05-10 21:15:00,2022-05-10 21:20:00,156.54,156.13,156.613,155.66,1231719
AAPL,2022-05-10 21:20:00,2022-05-10 21:25:00,156.13,155.89,156.32,155.74,855072
AAPL,2022-05-10 21:25:00,2022-05-10 21:30:00,155.93,155.535,155.96,155.23,1018971
AAPL,2022-05-10 21:30:00,2022-05-10 21:35:00,155.545,155.68,155.716,155.342,810337
AAPL,2022-05-10 21:35:00,2022-05-10 21:40:00,155.65,155.71,155.95,155.61,874053
AAPL,2022-05-10 21:40:00,2022-05-10 21:45:00,155.7,156.227,156.32,155.44,1452722
AAPL,2022-05-10 21:45:00,2022-05-10 21:50:00,156.2,156,156.25,155.52,833014
AAPL,2022-05-10 21:50:00,2022-05-10 21:55:00,155.94,156.193,156.24,155.84,923133
AAPL,2022-05-10 21:55:00,2022-05-10 22:00:00,156.21,156.06,156.258,155.63,881650
AAPL,2022-05-10 22:00:00,2022-05-10 22:05:00,156.11,156.09,156.26,155.78,1089371
AAPL,2022-05-10 22:05:00,2022-05-10 22:10:00,156.13,156.06,156.62,155.93,1173397
AAPL,2022-05-10 22:10:00,2022-05-10 22:15:00,156.1,156.03,156.22,155.795,1268778
AAPL,2022-05-10 22:15:00,2022-05-10 22:20:00,156.04,156.005,156.283,155.71,925277
AAPL,2022-05-10 22:20:00,2022-05-10 22:25:00,156,155.48,156.066,155.39,936008
AAPL,2022-05-10 22:25:00,2022-05-10 22:30:00,155.51,155.19,155.56,155.05,967780
AAPL,2022-05-10 22:30:00,2022-05-10 22:35:00,155.2,155.111,155.21,154.78,1093051
AAPL,2022-05-10 22:35:00,2022-05-10 22:40:00,155.1,154.55,155.16,154.34,1168799
AAPL,2022-05-10 22:40:00,2022-05-10 22:45:00,154.5,154.37,154.66,154.31,1133975
AAPL,2022-05-10 22:45:00,2022-05-10 22:50:00,154.39,154.582,154.93,154.27,1385463
AAPL,2022-05-10 22:50:00,2022-05-10 22:55:00,154.38,154.44,154.57,154.04,1903339
AAPL,2022-05-10 22:55:00,2022-05-10 23:00:00,154.55,154.5,154.8,154.26,2350382
AAPL,2022-05-10 23:00:00,2022-05-10 23:05:00,154.49,154.12,154.65,154.1,11193967
AAPL,2022-05-10 23:05:00,2022-05-10 23:10:00,154.2,154.55,154.627,154.16,223882
AAPL,2022-05-10 23:10:00,2022-05-10 23:15:00,154.54,154.31,154.62,154.26,277560
AAPL,2022-05-10 23:15:00,2022-05-10 23:20:00,154.492,154.42,154.51,154.31,13199
AAPL,2022-05-10 23:20:00,2022-05-10 23:25:00,154.38,154.42,154.48,154.35,7310
AAPL,2022-05-10 23:25:00,2022-05-10 23:30:00,154.405,154.36,154.45,154.26,2577
AAPL,2022-05-10 23:30:00,2022-05-10 23:35:00,154.37,154.252,154.51,154.23,306008
AAPL,2022-05-10 23:35:00,2022-05-10 23:40:00,154.3,154.12,154.35,154.1,17380
AAPL,2022-05-10 23:40:00,2022-05-10 23:45:00,154.185,154.14,154.25,154.08,5422
AAPL,2022-05-10 23:45:00,2022-05-10 23:50:00,154.12,154.11,154.25,154.05,9592
AAPL,2022-05-10 23:50:00,2022-05-10 23:55:00,154.145,154.2,154.51,154.11,43909
AAPL,2022-05-10 23:55:00,2022-05-11 00:00:00,154.15,154.17,154.2,154.11,2506
AAPL,2022-05-11 00:00:00,2022-05-11 00:05:00,154.19,154.15,154.2,154.1,4903
AAPL,2022-05-11 00:05:00,2022-05-11 00:10:00,154.16,154.15,154.2,154.08,2091
AAPL,2022-05-11 00:10:00,2022-05-11 00:15:00,154.17,154.065,154.2,154.03,8316
AAPL,2022-05-11 00:15:00,2022-05-11 00:20:00,154.055,154.02,154.1,154.02,7266
AAPL,2022-05-11 00:20:00,2022-05-11 00:25:00,154.05,154.1,154.19,154.04,9770
AAPL,2022-05-11 00:25:00,2022-05-11 00:30:00,154.12,154.15,154.19,154.08,1954
AAPL,2022-05-11 00:30:00,2022-05-11 00:35:00,154.08,154.08,154.2,154.08,1825
AAPL,2022-05-11 00:35:00,2022-05-11 00:40:00,154.15,154.1,154.51,154.08,52985
AAPL,2022-05-11 00:40:00,2022-05-11 00:45:00,154.15,154.15,154.15,154.09,1427
AAPL,2022-05-11 00:45:00,2022-05-11 00:50:00,154.125,154.17,154.2,154,16199
AAPL,2022-05-11 00:50:00,2022-05-11 00:55:00,154.15,154.135,154.18,154.04,1727
AAPL,2022-05-11 00:55:00,2022-05-11 01:00:00,154.17,154.212,154.325,154.09,16252
AAPL,2022-05-11 01:00:00,2022-05-11 01:05:00,154.15,154.43,154.49,154.11,10842
AAPL,2022-05-11 01:05:00,2022-05-11 01:10:00,154.38,154.35,154.48,154.3,5033
AAPL,2022-05-11 01:10:00,2022-05-11 01:15:00,154.375,154.37,154.43,154.32,1326
AAPL,2022-05-11 01:15:00,2022-05-11 01:20:00,154.375,154.3,154.405,154.3,1153
AAPL,2022-05-11 01:20:00,2022-05-11 01:25:00,154.33,154.41,154.43,154.33,2401
AAPL,2022-05-11 01:25:00,2022-05-11 01:30:00,154.43,154.39,154.45,154.32,2191
AAPL,2022-05-11 01:30:00,2022-05-11 01:35:00,154.34,154.36,154.42,154.21,747
AAPL,2022-05-11 01:35:00,2022-05-11 01:40:00,154.315,154.32,154.37,154.27,501
AAPL,2022-05-11 01:40:00,2022-05-11 01:45:00,154.37,154.325,154.45,154.26,2395
AAPL,2022-05-11 01:45:00,2022-05-11 01:50:00,154.3,154.47,154.48,154.3,3001
AAPL,2022-05-11 01:50:00,2022-05-11 01:55:00,154.45,154.43,154.48,154.38,2581
AAPL,2022-05-11 01:55:00,2022-05-11 02:00:00,154.38,154.53,154.55,154.365,4012
AAPL,2022-05-11 02:00:00,2022-05-11 02:05:00,154.51,154.47,154.55,154.38,4821
AAPL,2022-05-11 02:05:00,2022-05-11 02:10:00,154.48,154.7,154.7,154.48,3408
AAPL,2022-05-11 02:10:00,2022-05-11 02:15:00,154.64,154.68,154.705,154.625,3402
AAPL,2022-05-11 02:15:00,2022-05-11 02:20:00,154.66,154.67,154.69,154.575,2905
AAPL,2022-05-11 02:20:00,2022-05-11 02:25:00,154.61,154.48,154.68,154.41,4366
AAPL,2022-05-11 02:25:00,2022-05-11 02:30:00,154.49,154.65,154.65,154.48,4340
AAPL,2022-05-11 02:30:00,2022-05-11 02:35:00,154.635,154.48,154.67,154.41,14711
AAPL,2022-05-11 02:35:00,2022-05-11 02:40:00,154.55,154.41,154.55,154.4,2344
AAPL,2022-05-11 02:40:00,2022-05-11 02:45:00,154.45,154.39,154.47,154.3,1920
AAPL,2022-05-11 02:45:00,2022-05-11 02:50:00,154.3,154.44,154.49,154.3,1064
AAPL,2022-05-11 02:50:00,2022-05-11 02:55:00,154.38,154.4,154.48,154.3,4232
AAPL,2022-05-11 02:55:00,2022-05-11 03:00:00,154.37,154.49,154.55,154.3,23109
AAPL,2022-05-11 11:00:00,2022-05-11 11:05:00,155.2,155.8,155.85,155.16,-115353258
AAPL,2022-05-11 11:05:00,2022-05-11 11:10:00,155.75,155.59,155.95,155.54,7610
AAPL,2022-05-11 11:10:00,2022-05-11 11:15:00,155.61,155.5,155.7,155.48,9741
AAPL,2022-05-11 11:15:00,2022-05-11 11:20:00,155.54,155.6,155.7,155.5,3825
AAPL,2022-05-11 11:20:00,2022-05-11 11:25:00,155.62,155.71,155.75,155.62,1383
AAPL,2022-05-11 11:25:00,2022-05-11 11:30:00,155.74,155.8,155.8,155.7,11684
AAPL,2022-05-11 11:30:00,2022-05-11 11:35:00,155.85,155.85,155.96,155.8,18298
AAPL,2022-05-11 11:35:00,2022-05-11 11:40:00,155.87,155.9,155.96,155.82,2050
AAPL,2022-05-11 11:40:00,2022-05-11 11:45:00,155.92,156.05,156.07,155.88,7119
AAPL,2022-05-11 11:45:00,2022-05-11 11:50:00,155.99,155.99,156.05,155.95,3653
AAPL,2022-05-11 11:50:00,2022-05-11 11:55:00,155.98,156.07,156.13,155.95,10125
AAPL,2022-05-11 11:55:00,2022-05-11 12:00:00,156.15,156.29,156.36,156.07,12125
AAPL,2022-05-11 12:00:00,2022-05-11 12:05:00,156.22,156.32,156.33,156.22,5031
AAPL,2022-05-11 12:05:00,2022-05-11 12:10:00,156.26,156.34,156.34,156.2,6253
AAPL,2022-05-11 12:10:00,2022-05-11 12:15:00,156.22,156.32,156.4,156.22,2257
AAPL,2022-05-11 12:15:00,2022-05-11 12:20:00,156.37,156.26,156.4,156.11,4412
AAPL,2022-05-11 12:20:00,2022-05-11 12:25:00,156.27,156.28,156.41,156.23,6422
AAPL,2022-05-11 12:25:00,2022-05-11 12:30:00,156.22,156.29,156.34,156.22,1250
AAPL,2022-05-11 12:30:00,2022-05-11 12:35:00,156.34,156.35,156.35,156.29,3856
AAPL,2022-05-11 12:35:00,2022-05-11 12:40:00,156.34,156.37,156.4,156.34,402
AAPL,2022-05-11 12:40:00,2022-05-11 12:45:00,156.35,156.4,156.45,156.35,972
AAPL,2022-05-11 12:45:00,2022-05-11 12:50:00,156.44,156.45,156.53,156.41,8695
AAPL,2022-05-11 12:50:00,2022-05-11 12:55:00,156.54,156.51,156.54,156.45,1414
AAPL,2022-05-11 12:55:00,2022-05-11 13:00:00,156.52,156.44,156.53,156.44,2748
AAPL,2022-05-11 13:00:00,2022-05-11 13:05:00,156.48,156.3,156.49,156.27,2128
AAPL,2022-05-11 13:05:00,2022-05-11 13:10:00,156.33,156.12,156.33,156.12,14365
AAPL,2022-05-11 13:10:00,2022-05-11 13:15:00,156.13,156.2,156.22,156.08,6135
AAPL,2022-05-11 13:15:00,2022-05-11 13:20:00,156.22,156.27,156.35,156.22,624
AAPL,2022-05-11 13:20:00,2022-05-11 13:25:00,156.25,156.3,156.32,156.23,203
AAPL,2022-05-11 13:25:00,2022-05-11 13:30:00,156.31,156.33,156.39,156.24,2803
AAPL,2022-05-11 13:30:00,2022-05-11 13:35:00,156.4,156.53,156.72,156.39,8855
AAPL,2022-05-11 13:35:00,2022-05-11 13:40:00,156.53,156.6,156.67,156.5,3252
AAPL,2022-05-11 13:40:00,2022-05-11 13:45:00,156.6,156.58,156.67,156.5,2858
AAPL,2022-05-11 13:45:00,2022-05-11 13:50:00,156.68,156.69,156.75,156.6,6109
AAPL,2022-05-11 13:50:00,2022-05-11 13:55:00,156.7,156.55,156.7,156.52,1773
AAPL,2022-05-11 13:55:00,2022-05-11 14:00:00,156.54,156.52,156.6,156.46,2653
AAPL,2022-05-11 14:00:00,2022-05-11 14:05:00,156.58,156.32,156.58,156.16,34647
AAPL,2022-05-11 14:05:00,2022-05-11 14:10:00,156.36,156.38,156.39,156.2,21927
AAPL,2022-05-11 14:10:00,2022-05-11 14:15:00,156.4,156.3,156.4,156.3,8078
AAPL,2022-05-11 14:15:00,2022-05-11 14:20:00,156.35,156.25,156.35,156.22,15991
AAPL,2022-05-11 14:20:00,2022-05-11 14:25:00,156.32,156.4,156.51,156.27,25010
AAPL,2022-05-11 14:25:00,2022-05-11 14:30:00,156.43,156.27,156.43,156.27,8234
AAPL,2022-05-11 14:30:00,2022-05-11 14:35:00,156.31,156.25,156.32,156.2,5749
AAPL,2022-05-11 14:35:00,2022-05-11 14:40:00,156.24,156.4,156.6,156.21,28970
AAPL,2022-05-11 14:40:00,2022-05-11 14:45:00,156.47,156.45,156.55,156.32,16916
AAPL,2022-05-11 14:45:00,2022-05-11 14:50:00,156.4,156.35,156.4,156.27,5802
AAPL,2022-05-11 14:50:00,2022-05-11 14:55:00,156.37,156.3,156.42,156.3,5721
AAPL,2022-05-11 14:55:00,2022-05-11 15:00:00,156.33,156.39,156.39,156.27,10064
AAPL,2022-05-11 15:00:00,2022-05-11 15:05:00,156.3,156.38,156.719,155.83,906669
AAPL,2022-05-11 15:05:00,2022-05-11 15:10:00,156.34,156.36,156.46,156.34,22399
AAPL,2022-05-11 15:10:00,2022-05-11 15:15:00,156.375,156.27,156.38,156.24,29972
AAPL,2022-05-11 15:15:00,2022-05-11 15:20:00,156.249,156.23,156.3,156.15,36929
AAPL,2022-05-11 15:20:00,2022-05-11 15:25:00,156.22,156.29,156.29,156.07,37836
AAPL,2022-05-11 15:25:00,2022-05-11 15:30:00,156.3,156.15,156.4,156.15,66709
AAPL,2022-05-11 15:30:00,2022-05-11 15:35:00,156.15,153.95,156.15,153,348413
AAPL,2022-05-11 15:35:00,2022-05-11 15:40:00,153.9,153.05,154.12,153,242346
AAPL,2022-05-11 15:40:00,2022-05-11 15:45:00,153.06,153.24,153.52,153,147270
AAPL,2022-05-11 15:45:00,2022-05-11 15:50:00,153.29,153.07,153.55,153,119628
AAPL,2022-05-11 15:50:00,2022-05-11 15:55:00,153.07,152.19,153.14,152.19,195596
AAPL,2022-05-11 15:55:00,2022-05-11 16:00:00,152.29,152.43,152.69,152.01,155068
AAPL,2022-05-11 16:00:00,2022-05-11 16:05:00,152.45,152.8,152.95,152.45,89682
AAPL,2022-05-11 16:05:00,2022-05-11 16:10:00,152.78,153.2,153.5,152.7,140807
AAPL,2022-05-11 16:10:00,2022-05-11 16:15:00,153.32,153.19,153.6,153.1,135231
AAPL,2022-05-11 16:15:00,2022-05-11 16:20:00,153.21,153.7,153.74,153,146068
AAPL,2022-05-11 16:20:00,2022-05-11 16:25:00,153.75,153.68,153.8,153.47,93281
AAPL,2022-05-11 16:25:00,2022-05-11 16:30:00,153.75,153.48,153.8,153.251,52038
AAPL,2022-05-11 16:30:00,2022-05-11 16:35:00,153.51,152.18,154.2,151.88,3338734
AAPL,2022-05-11 16:35:00,2022-05-11 16:40:00,152.15,151.675,152.66,151.5,2226152
AAPL,2022-05-11 16:40:00,2022-05-11 16:45:00,151.611,153.39,153.656,151.37,2433730
AAPL,2022-05-11 16:45:00,2022-05-11 16:50:00,153.442,154.62,155.19,153.04,2089108
AAPL,2022-05-11 16:50:00,2022-05-11 16:55:00,154.59,154.09,155.45,153.99,2081144
AAPL,2022-05-11 16:55:00,2022-05-11 17:00:00,154.02,153.839,154.14,153.277,1397362
AAPL,2022-05-11 17:00:00,2022-05-11 17:05:00,153.837,153.76,153.97,153.03,1688864
AAPL,2022-05-11 17:05:00,2022-05-11 17:10:00,153.8,152.546,153.8,152.46,1947283
AAPL,2022-05-11 17:10:00,2022-05-11 17:15:00,152.58,153.07,153.385,152.36,1415432
AAPL,2022-05-11 17:15:00,2022-05-11 17:20:00,153.02,153.134,153.3,152.59,1554398
AAPL,2022-05-11 17:20:00,2022-05-11 17:25:00,153.14,154.02,154.21,152.93,1734741
AAPL,2022-05-11 17:25:00,2022-05-11 17:30:00,154.06,153.4,154.1,153.14,1287193
AAPL,2022-05-11 17:30:00,2022-05-11 17:35:00,153.37,153.56,153.79,153.09,1174669
AAPL,2022-05-11 17:35:00,2022-05-11 17:40:00,153.57,153.8,154.082,153.04,1331738
AAPL,2022-05-11 17:40:00,2022-05-11 17:45:00,153.81,154.05,154.12,153.51,1025610
AAPL,2022-05-11 17:45:00,2022-05-11 17:50:00,154.01,153.5,154.13,153.35,996837
AAPL,2022-05-11 17:50:00,2022-05-11 17:55:00,153.46,152.83,153.5,152.53,1325331
AAPL,2022-05-11 17:55:00,2022-05-11 18:00:00,152.8,152.77,152.99,152.54,1018396
AAPL,2022-05-11 18:00:00,2022-05-11 18:05:00,152.79,152.442,152.9,152.21,1107965
AAPL,2022-05-11 18:05:00,2022-05-11 18:10:00,152.45,152.28,152.55,152,1058601
AAPL,2022-05-11 18:10:00,2022-05-11 18:15:00,152.279,152.63,152.78,152.22,885564
AAPL,2022-05-11 18:15:00,2022-05-11 18:20:00,152.65,152,152.72,151.905,1346791
AAPL,2022-05-11 18:20:00,2022-05-11 18:25:00,152.03,152.41,152.61,152.003,831218
AAPL,2022-05-11 18:25:00,2022-05-11 18:30:00,152.37,152.85,152.88,152.21,1034861
AAPL,2022-05-11 18:30:00,2022-05-11 18:35:00,152.87,152.77,152.95,152.67,771160
AAPL,2022-05-11 18:35:00,2022-05-11 18:40:00,152.78,153.51,153.82,152.559,1141841
AAPL,2022-05-11 18:40:00,2022-05-11 18:45:00,153.47,153.27,153.62,153.25,651523
AAPL,2022-05-11 18:45:00,2022-05-11 18:50:00,153.32,152.88,153.48,152.845,670944
AAPL,2022-05-11 18:50:00,2022-05-11 18:55:00,152.91,152.6,152.91,152.42,676344
AAPL,2022-05-11 18:55:00,2022-05-11 19:00:00,152.596,152.53,152.596,152.27,704462
AAPL,2022-05-11 19:00:00,2022-05-11 19:05:00,152.51,152.19,152.51,152.09,587071
AAPL,2022-05-11 19:05:00,2022-05-11 19:10:00,152.189,152.07,152.37,152.01,1467357
AAPL,2022-05-11 19:10:00,2022-05-11 19:15:00,152.05,152.14,152.27,151.77,864001
AAPL,2022-05-11 19:15:00,2022-05-11 19:20:00,152.1,151.78,152.32,151.77,764262
AAPL,2022-05-11 19:20:00,2022-05-11 19:25:00,151.76,152.43,152.51,151.73,994848
AAPL,2022-05-11 19:25:00,2022-05-11 19:30:00,152.42,151.56,152.5,151.49,1116855
AAPL,2022-05-11 19:30:00,2022-05-11 19:35:00,151.52,151.18,151.555,150.98,1421903
AAPL,2022-05-11 19:35:00,2022-05-11 19:40:00,151.175,151.25,151.51,151.15,925073
AAPL,2022-05-11 19:40:00,2022-05-11 19:45:00,151.22,150.99,151.56,150.9,1014789
AAPL,2022-05-11 19:45:00,2022-05-11 19:50:00,150.94,151.051,151.25,150.84,1330484
AAPL,2022-05-11 19:50:00,2022-05-11 19:55:00,151.054,150.495,151.08,150.464,1442358
AAPL,2022-05-11 19:55:00,2022-05-11 20:00:00,150.51,149.925,150.63,149.58,3857775
AAPL,2022-05-11 20:00:00,2022-05-11 20:05:00,149.928,149.15,149.97,149.14,2029627
AAPL,2022-05-11 20:05:00,2022-05-11 20:10:00,149.14,149.06,149.31,148.74,2261366
AAPL,2022-05-11 20:10:00,2022-05-11 20:15:00,149.07,148.97,149.44,148.84,1629480
AAPL,2022-05-11 20:15:00,2022-05-11 20:20:00,149,148.88,149.25,148.87,1045126
AAPL,2022-05-11 20:20:00,2022-05-11 20:25:00,148.91,148.95,149.043,148.3,1606655
AAPL,2022-05-11 20:25:00,2022-05-11 20:30:00,148.96,148.56,149.22,148.52,1193151
AAPL,2022-05-11 20:30:00,2022-05-11 20:35:00,148.526,148.67,148.82,148.36,1312060
AAPL,2022-05-11 20:35:00,2022-05-11 20:40:00,148.695,147.88,148.81,147.87,1646859
AAPL,2022-05-11 20:40:00,2022-05-11 20:45:00,147.885,147.24,147.89,147.09,2401811
AAPL,2022-05-11 20:45:00,2022-05-11 20:50:00,147.222,147.565,147.6,146.82,2275986
AAPL,2022-05-11 20:50:00,2022-05-11 20:55:00,147.56,147.48,147.83,147.372,1522015
AAPL,2022-05-11 20:55:00,2022-05-11 21:00:00,147.53,147.01,147.64,146.93,1419086
AAPL,2022-05-11 21:00:00,2022-05-11 21:05:00,147.025,147.39,147.47,147,1829901
AAPL,2022-05-11 21:05:00,2022-05-11 21:10:00,147.38,146.7,147.43,146.673,2004916
AAPL,2022-05-11 21:10:00,2022-05-11 21:15:00,146.68,146.742,146.94,146.52,1681040
AAPL,2022-05-11 21:15:00,2022-05-11 21:20:00,146.8,147.24,147.4,146.54,1696158
AAPL,2022-05-11 21:20:00,2022-05-11 21:25:00,147.19,147.401,147.47,146.85,1552316
AAPL,2022-05-11 21:25:00,2022-05-11 21:30:00,147.445,147.37,147.88,147.22,1758562
AAPL,2022-05-11 21:30:00,2022-05-11 21:35:00,147.38,147.78,147.78,147.06,1392221
AAPL,2022-05-11 21:35:00,2022-05-11 21:40:00,147.775,147.574,147.87,147.375,1389969
AAPL,2022-05-11 21:40:00,2022-05-11 21:45:00,147.6,148.112,148.115,147.14,1627562
AAPL,2022-05-11 21:45:00,2022-05-11 21:50:00,148.11,147.42,148.26,147.32,1754003
AAPL,2022-05-11 21:50:00,2022-05-11 21:55:00,147.49,147.14,147.52,147.01,1208924
AAPL,2022-05-11 21:55:00,2022-05-11 22:00:00,147.1,146.91,147.21,146.805,1290061
AAPL,2022-05-11 22:00:00,2022-05-11 22:05:00,146.9,146.395,146.97,146.39,1643818
AAPL,2022-05-11 22:05:00,2022-05-11 22:10:00,146.38,146.61,146.69,146.19,1884917
AAPL,2022-05-11 22:10:00,2022-05-11 22:15:00,146.615,146.435,146.91,146.27,1582898
AAPL,2022-05-11 22:15:00,2022-05-11 22:20:00,146.41,146.51,146.75,146.065,1923740
AAPL,2022-05-11 22:20:00,2022-05-11 22:25:00,146.46,146.229,146.6,146.14,1659347
AAPL,2022-05-11 22:25:00,2022-05-11 22:30:00,146.23,146.56,146.77,146.175,1430845
AAPL,2022-05-11 22:30:00,2022-05-11 22:35:00,146.6,146.58,146.93,146.45,1759055
AAPL,2022-05-11 22:35:00,2022-05-11 22:40:00,146.54,146.28,146.77,146.15,2433795
AAPL,2022-05-11 22:40:00,2022-05-11 22:45:00,146.29,146.34,146.58,146.15,1865453
AAPL,2022-05-11 22:45:00,2022-05-11 22:50:00,146.35,145.95,146.4,145.93,3518007
AAPL,2022-05-11 22:50:00,2022-05-11 22:55:00,146.04,146.3,146.377,145.814,4009370
AAPL,2022-05-11 22:55:00,2022-05-11 23:00:00,146.34,146.63,146.65,146.14,5005348
AAPL,2022-05-11 23:00:00,2022-05-11 23:05:00,146.53,146.6,146.84,146.32,9542187
AAPL,2022-05-11 23:05:00,2022-05-11 23:10:00,146.62,146.62,146.9,146.5,504053
AAPL,2022-05-11 23:10:00,2022-05-11 23:15:00,146.63,146.78,146.8,146.47,2698656
AAPL,2022-05-11 23:15:00,2022-05-11 23:20:00,146.75,146.71,146.8,146.5,59435
AAPL,2022-05-11 23:20:00,2022-05-11 23:25:00,146.7,146.77,147.11,146.664,118108
AAPL,2022-05-11 23:25:00,2022-05-11 23:30:00,146.79,146.7,146.82,146.62,44954
AAPL,2022-05-11 23:30:00,2022-05-11 23:35:00,146.69,146.68,146.7,146.49,63048
AAPL,2022-05-11 23:35:00,2022-05-11 23:40:00,146.633,146.69,146.7,146.56,12622
AAPL,2022-05-11 23:40:00,2022-05-11 23:45:00,146.67,146.815,146.98,146.65,42144
AAPL,2022-05-11 23:45:00,2022-05-11 23:50:00,146.84,146.9,146.94,146.71,340912
AAPL,2022-05-11 23:50:00,2022-05-11 23:55:00,146.88,146.91,147,146.5,47642
AAPL,2022-05-11 23:55:00,2022-05-12 00:00:00,146.89,146.77,146.95,146.65,24557
AAPL,2022-05-12 00:00:00,2022-05-12 00:05:00,146.8,146.63,146.8,146.5,20749
AAPL,2022-05-12 00:05:00,2022-05-12 00:10:00,146.57,146.42,146.69,146.29,177690
AAPL,2022-05-12 00:10:00,2022-05-12 00:15:00,146.445,146.4,146.49,146.35,25541
AAPL,2022-05-12 00:15:00,2022-05-12 00:20:00,146.38,146.15,146.4,146.04,47406
AAPL,2022-05-12 00:20:00,2022-05-12 00:25:00,146.16,146.085,146.29,145.95,58680
AAPL,2022-05-12 00:25:00,2022-05-12 00:30:00,146.1,146.15,146.18,146.08,18622
AAPL,2022-05-12 00:30:00,2022-05-12 00:35:00,146.17,146.35,146.4,146.1,17275
AAPL,2022-05-12 00:35:00,2022-05-12 00:40:00,146.34,146.3,146.35,146.2,14640
AAPL,2022-05-12 00:40:00,2022-05-12 00:45:00,146.31,146.32,146.35,146.25,13718
AAPL,2022-05-12 00:45:00,2022-05-12 00:50:00,146.28,146.46,146.54,146.26,60278
AAPL,2022-05-12 00:50:00,2022-05-12 00:55:00,146.48,146.41,146.5,146.4,10609
AAPL,2022-05-12 00:55:00,2022-05-12 01:00:00,146.46,146.51,146.51,146.41,12249
AAPL,2022-05-12 01:00:00,2022-05-12 01:05:00,146.49,146.36,146.57,146.32,9881
AAPL,2022-05-12 01:05:00,2022-05-12 01:10:00,146.25,146.27,146.36,146.12,20303
AAPL,2022-05-12 01:10:00,2022-05-12 01:15:00,146.28,146.14,146.45,146.06,15604
AAPL,2022-05-12 01:15:00,2022-05-12 01:20:00,146.02,146.18,146.37,146,18845
AAPL,2022-05-12 01:20:00,2022-05-12 01:25:00,146.05,146.19,146.25,146.05,33096
AAPL,2022-05-12 01:25:00,2022-05-12 01:30:00,146.14,146.15,146.26,146,12787
AAPL,2022-05-12 01:30:00,2022-05-12 01:35:00,146.2,146.25,146.25,146.15,5325
AAPL,2022-05-12 01:35:00,2022-05-12 01:40:00,146.24,146.48,146.52,146.19,23460
AAPL,2022-05-12 01:40:00,2022-05-12 01:45:00,146.47,146.46,146.48,146.32,9033
AAPL,2022-05-12 01:45:00,2022-05-12 01:50:00,146.45,146.4,146.47,146.35,8480
AAPL,2022-05-12 01:50:00,2022-05-12 01:55:00,146.35,146.45,146.48,146.3,13225
AAPL,2022-05-12 01:55:00,2022-05-12 02:00:00,146.44,146.45,146.5,146.35,8361
AAPL,2022-05-12 02:00:00,2022-05-12 02:05:00,146.5,146.39,146.5,146.36,19345
AAPL,2022-05-12 02:05:00,2022-05-12 02:10:00,146.46,146.405,146.55,146.345,9870
AAPL,2022-05-12 02:10:00,2022-05-12 02:15:00,146.41,146.42,146.46,146.36,4960
AAPL,2022-05-12 02:15:00,2022-05-12 02:20:00,146.41,146.38,146.45,146.36,2832
AAPL,2022-05-12 02:20:00,2022-05-12 02:25:00,146.41,146.33,146.415,146.32,6990
AAPL,2022-05-12 02:25:00,2022-05-12 02:30:00,146.34,146.27,146.35,146.21,11190
AAPL,2022-05-12 02:30:00,2022-05-12 02:35:00,146.22,146.29,146.34,146.15,37075
AAPL,2022-05-12 02:35:00,2022-05-12 02:40:00,146.27,146.48,146.48,146.23,14189
AAPL,2022-05-12 02:40:00,2022-05-12 02:45:00,146.49,146.575,146.59,146.48,24750
AAPL,2022-05-12 02:45:00,2022-05-12 02:50:00,146.59,146.53,146.67,146.51,42551
AAPL,2022-05-12 02:50:00,2022-05-12 02:55:00,146.52,146.52,146.58,146.4,14662
AAPL,2022-05-12 02:55:00,2022-05-12 03:00:00,146.5,146.66,146.68,146.47,17404
AAPL,2022-05-12 11:00:00,2022-05-12 11:05:00,146.15,145.03,146.24,144.94,-142647601
AAPL,2022-05-12 11:05:00,2022-05-12 11:10:00,145.02,145.1,145.27,144.92,15481
AAPL,2022-05-12 11:10:00,2022-05-12 11:15:00,145.03,145.17,145.44,145.03,11683
AAPL,2022-05-12 11:15:00,2022-05-12 11:20:00,145.11,145.41,145.41,145.1,13814
AAPL,2022-05-12 11:20:00,2022-05-12 11:25:00,145.33,145.26,145.41,145.26,4996
AAPL,2022-05-12 11:25:00,2022-05-12 11:30:00,145.3,145.48,145.55,145.24,5286
AAPL,2022-05-12 11:30:00,2022-05-12 11:35:00,145.42,145.35,145.75,145.28,4988
AAPL,2022-05-12 11:35:00,2022-05-12 11:40:00,145.34,145.18,145.35,145.03,12474
AAPL,2022-05-12 11:40:00,2022-05-12 11:45:00,145.19,145.11,145.2,145.08,4930
AAPL,2022-05-12 11:45:00,2022-05-12 11:50:00,145.09,144.79,145.09,144.61,19576
AAPL,2022-05-12 11:50:00,2022-05-12 11:55:00,144.73,144.95,144.95,144.71,9812
AAPL,2022-05-12 11:55:00,2022-05-12 12:00:00,144.9,144.81,144.94,144.81,5151
AAPL,2022-05-12 12:00:00,2022-05-12 12:05:00,144.83,144.55,144.86,144.52,6517
AAPL,2022-05-12 12:05:00,2022-05-12 12:10:00,144.53,144.7,144.75,144.51,6071
AAPL,2022-05-12 12:10:00,2022-05-12 12:15:00,144.73,144.64,144.73,144.61,4931
AAPL,2022-05-12 12:15:00,2022-05-12 12:20:00,144.65,144.55,144.65,144.52,21915
AAPL,2022-05-12 12:20:00,2022-05-12 12:25:00,144.57,144.5,144.64,144.44,21381
AAPL,2022-05-12 12:25:00,2022-05-12 12:30:00,144.47,144.4,144.53,144.4,5808
AAPL,2022-05-12 12:30:00,2022-05-12 12:35:00,144.4,144.27,144.45,144.12,20239
AAPL,2022-05-12 12:35:00,2022-05-12 12:40:00,144.26,144.45,144.5,144.26,10110
AAPL,2022-05-12 12:40:00,2022-05-12 12:45:00,144.51,144.5,144.52,144.35,16723
AAPL,2022-05-12 12:45:00,2022-05-12 12:50:00,144.51,144.55,144.65,144.43,10194
AAPL,2022-05-12 12:50:00,2022-05-12 12:55:00,144.59,144.57,144.61,144.48,9784
AAPL,2022-05-12 12:55:00,2022-05-12 13:00:00,144.53,144.49,144.59,144.47,2992
AAPL,2022-05-12 13:00:00,2022-05-12 13:05:00,144.47,144.42,144.48,144.22,11058
AAPL,2022-05-12 13:05:00,2022-05-12 13:10:00,144.45,144.68,144.76,144.44,8469
AAPL,2022-05-12 13:10:00,2022-05-12 13:15:00,144.69,144.5,144.7,144.48,6726
AAPL,2022-05-12 13:15:00,2022-05-12 13:20:00,144.49,144.45,144.49,144.4,2094
AAPL,2022-05-12 13:20:00,2022-05-12 13:25:00,144.48,144.48,144.5,144.45,5210
AAPL,2022-05-12 13:25:00,2022-05-12 13:30:00,144.47,144.75,144.76,144.46,10145
AAPL,2022-05-12 13:30:00,2022-05-12 13:35:00,144.77,144.6,144.82,144.6,14115
AAPL,2022-05-12 13:35:00,2022-05-12 13:40:00,144.66,144.6,144.78,144.55,11063
AAPL,2022-05-12 13:40:00,2022-05-12 13:45:00,144.58,144.45,144.6,144.42,8185
AAPL,2022-05-12 13:45:00,2022-05-12 13:50:00,144.44,144.35,144.45,144.31,7900
AAPL,2022-05-12 13:50:00,2022-05-12 13:55:00,144.31,144.49,144.55,144.31,25839
AAPL,2022-05-12 13:55:00,2022-05-12 14:00:00,144.47,144.64,144.69,144.47,15517
AAPL,2022-05-12 14:00:00,2022-05-12 14:05:00,144.84,144.71,145,144.59,69091
AAPL,2022-05-12 14:05:00,2022-05-12 14:10:00,144.7,144.53,144.75,144.5,31282
AAPL,2022-05-12 14:10:00,2022-05-12 14:15:00,144.52,144.7,144.84,144.38,38692
AAPL,2022-05-12 14:15:00,2022-05-12 14:20:00,144.67,144.78,144.84,144.67,26000
AAPL,2022-05-12 14:20:00,2022-05-12 14:25:00,144.8,144.94,145,144.8,80141
AAPL,2022-05-12 14:25:00,2022-05-12 14:30:00,144.9,144.7,145,144.69,32572
AAPL,2022-05-12 14:30:00,2022-05-12 14:35:00,144.72,144.63,144.75,144.5,18760
AAPL,2022-05-12 14:35:00,2022-05-12 14:40:00,144.6,144.5,144.7,144.36,35679
AAPL,2022-05-12 14:40:00,2022-05-12 14:45:00,144.48,144.27,144.6,144.25,40329
AAPL,2022-05-12 14:45:00,2022-05-12 14:50:00,144.32,143.99,144.38,143.91,68865
AAPL,2022-05-12 14:50:00,2022-05-12 14:55:00,143.91,143.82,144,143.71,62344
AAPL,2022-05-12 14:55:00,2022-05-12 15:00:00,143.89,143.47,143.99,143.43,101413
AAPL,2022-05-12 15:00:00,2022-05-12 15:05:00,144.7,143.849,144.911,143.42,801168
AAPL,2022-05-12 15:05:00,2022-05-12 15:10:00,143.675,143.7,143.85,143.65,91352
AAPL,2022-05-12 15:10:00,2022-05-12 15:15:00,143.7,143.75,143.9,143.67,101948
AAPL,2022-05-12 15:15:00,2022-05-12 15:20:00,143.71,143.55,143.79,143.5,102621
AAPL,2022-05-12 15:20:00,2022-05-12 15:25:00,143.545,143.39,143.64,143.31,103213
AAPL,2022-05-12 15:25:00,2022-05-12 15:30:00,143.38,143.305,143.55,143.15,126512
AAPL,2022-05-12 15:30:00,2022-05-12 15:35:00,143.22,143.17,143.75,143.04,263902
AAPL,2022-05-12 15:35:00,2022-05-12 15:40:00,143.09,143.35,143.43,143.01,178337
AAPL,2022-05-12 15:40:00,2022-05-12 15:45:00,143.38,143.18,143.83,143.1,217553
AAPL,2022-05-12 15:45:00,2022-05-12 15:50:00,143.22,142.96,143.47,142.96,143629
AAPL,2022-05-12 15:50:00,2022-05-12 15:55:00,142.92,143.38,143.499,142.903,136456
AAPL,2022-05-12 15:55:00,2022-05-12 16:00:00,143.43,143,143.5,142.9,133525
AAPL,2022-05-12 16:00:00,2022-05-12 16:05:00,143.08,142.77,143.16,142.58,288506
AAPL,2022-05-12 16:05:00,2022-05-12 16:10:00,142.72,142.98,143.09,142.67,166351
AAPL,2022-05-12 16:10:00,2022-05-12 16:15:00,142.97,142.93,143,142.66,137626
AAPL,2022-05-12 16:15:00,2022-05-12 16:20:00,142.95,143.12,143.25,142.77,160713
AAPL,2022-05-12 16:20:00,2022-05-12 16:25:00,143.14,143.2,143.46,143.06,153050
AAPL,2022-05-12 16:25:00,2022-05-12 16:30:00,143.08,142.7,143.15,142.45,220067
AAPL,2022-05-12 16:30:00,2022-05-12 16:35:00,142.86,141.74,144.1,141.72,8647235
AAPL,2022-05-12 16:35:00,2022-05-12 16:40:00,141.691,140.62,142.2,140.39,5481297
AAPL,2022-05-12 16:40:00,2022-05-12 16:45:00,140.65,141.95,142.05,140.27,5611766
AAPL,2022-05-12 16:45:00,2022-05-12 16:50:00,141.96,142.137,143.645,141.52,4580852
AAPL,2022-05-12 16:50:00,2022-05-12 16:55:00,142.15,141.77,142.49,141.42,3373284
AAPL,2022-05-12 16:55:00,2022-05-12 17:00:00,141.76,140.98,141.76,140.63,3146794
AAPL,2022-05-12 17:00:00,2022-05-12 17:05:00,140.93,140.86,141.09,140.105,3953321
AAPL,2022-05-12 17:05:00,2022-05-12 17:10:00,140.87,141.941,142.11,140.81,3252974
AAPL,2022-05-12 17:10:00,2022-05-12 17:15:00,141.96,143.57,145.22,141.91,6445649
AAPL,2022-05-12 17:15:00,2022-05-12 17:20:00,143.55,144.2,144.2,143.15,2597512
AAPL,2022-05-12 17:20:00,2022-05-12 17:25:00,144.19,145.846,146.11,144.02,3415675
AAPL,2022-05-12 17:25:00,2022-05-12 17:30:00,145.82,144.65,145.85,144.365,2026757
AAPL,2022-05-12 17:30:00,2022-05-12 17:35:00,144.747,144.568,145.14,144.18,2040278
AAPL,2022-05-12 17:35:00,2022-05-12 17:40:00,144.56,144.51,144.69,143.88,1767805
AAPL,2022-05-12 17:40:00,2022-05-12 17:45:00,144.54,143.92,144.58,143.78,1672438
AAPL,2022-05-12 17:45:00,2022-05-12 17:50:00,143.98,144.09,144.581,143.66,1617809
AAPL,2022-05-12 17:50:00,2022-05-12 17:55:00,144.1,145.14,145.142,144.049,2008237
AAPL,2022-05-12 17:55:00,2022-05-12 18:00:00,145.15,145.6,145.82,144.96,1827870
AAPL,2022-05-12 18:00:00,2022-05-12 18:05:00,145.66,145.79,145.79,144.906,1590889
AAPL,2022-05-12 18:05:00,2022-05-12 18:10:00,145.77,146.131,146.165,145.084,1561207
AAPL,2022-05-12 18:10:00,2022-05-12 18:15:00,146.19,145.84,146.19,145.52,2086845
AAPL,2022-05-12 18:15:00,2022-05-12 18:20:00,145.86,145.85,146.07,145.57,1408794
AAPL,2022-05-12 18:20:00,2022-05-12 18:25:00,145.841,144.93,145.93,144.755,1617197
AAPL,2022-05-12 18:25:00,2022-05-12 18:30:00,144.91,144.955,145.39,144.77,1205929
AAPL,2022-05-12 18:30:00,2022-05-12 18:35:00,144.97,144.13,145.09,143.885,1391645
AAPL,2022-05-12 18:35:00,2022-05-12 18:40:00,144.14,144.1,144.29,143.595,1581182
AAPL,2022-05-12 18:40:00,2022-05-12 18:45:00,144.11,143.23,144.24,143.215,1242092
AAPL,2022-05-12 18:45:00,2022-05-12 18:50:00,143.222,142.54,143.31,142.47,1753334
AAPL,2022-05-12 18:50:00,2022-05-12 18:55:00,142.565,142.2,142.566,141.805,2041765
AAPL,2022-05-12 18:55:00,2022-05-12 19:00:00,142.17,141.25,142.329,141.245,1872153
AAPL,2022-05-12 19:00:00,2022-05-12 19:05:00,141.245,141.59,141.65,140.91,2152750
AAPL,2022-05-12 19:05:00,2022-05-12 19:10:00,141.594,141.86,141.947,141.216,1709591
AAPL,2022-05-12 19:10:00,2022-05-12 19:15:00,141.85,141.86,142.19,141.215,1524388
AAPL,2022-05-12 19:15:00,2022-05-12 19:20:00,141.83,141.36,141.95,140.58,2281645
AAPL,2022-05-12 19:20:00,2022-05-12 19:25:00,141.33,141.793,141.85,141.16,1135897
AAPL,2022-05-12 19:25:00,2022-05-12 19:30:00,141.773,141.76,142.1,141.46,1607271
AAPL,2022-05-12 19:30:00,2022-05-12 19:35:00,141.75,142.49,142.59,141.75,1404918
AAPL,2022-05-12 19:35:00,2022-05-12 19:40:00,142.54,142.01,142.59,142,1162279
AAPL,2022-05-12 19:40:00,2022-05-12 19:45:00,142.012,142.43,142.43,141.438,1338642
AAPL,2022-05-12 19:45:00,2022-05-12 19:50:00,142.497,142.1,142.57,141.95,1207487
AAPL,2022-05-12 19:50:00,2022-05-12 19:55:00,142.1,142.069,142.24,141.751,794337
AAPL,2022-05-12 19:55:00,2022-05-12 20:00:00,142.03,141.8,142.385,141.635,986427
AAPL,2022-05-12 20:00:00,2022-05-12 20:05:00,141.77,141.67,142.28,141.6,1037668
AAPL,2022-05-12 20:05:00,2022-05-12 20:10:00,141.695,141.81,141.93,141.58,819568
AAPL,2022-05-12 20:10:00,2022-05-12 20:15:00,141.8,141.925,142.45,141.74,1036492
AAPL,2022-05-12 20:15:00,2022-05-12 20:20:00,141.91,141.66,142.24,141.54,804342
AAPL,2022-05-12 20:20:00,2022-05-12 20:25:00,141.66,141.82,142.07,141.6,719124
AAPL,2022-05-12 20:25:00,2022-05-12 20:30:00,141.86,141.83,141.9,141.42,1065128
AAPL,2022-05-12 20:30:00,2022-05-12 20:35:00,141.825,141.425,141.97,141.26,917967
AAPL,2022-05-12 20:35:00,2022-05-12 20:40:00,141.4,140.77,141.53,140.7,1264863
AAPL,2022-05-12 20:40:00,2022-05-12 20:45:00,140.765,140.61,140.79,140.54,1151912
AAPL,2022-05-12 20:45:00,2022-05-12 20:50:00,140.58,140.2,140.65,140.19,1311274
AAPL,2022-05-12 20:50:00,2022-05-12 20:55:00,140.205,140.199,140.41,140.101,1464758
AAPL,2022-05-12 20:55:00,2022-05-12 21:00:00,140.175,140.26,140.65,140,2298127
AAPL,2022-05-12 21:00:00,2022-05-12 21:05:00,140.22,140.27,140.48,140.04,1433444
AAPL,2022-05-12 21:05:00,2022-05-12 21:10:00,140.21,139.069,140.27,139.01,3723771
AAPL,2022-05-12 21:10:00,2022-05-12 21:15:00,139.05,139.545,139.579,139.05,2091443
AAPL,2022-05-12 21:15:00,2022-05-12 21:20:00,139.54,139.926,140.01,139.428,1796577
AAPL,2022-05-12 21:20:00,2022-05-12 21:25:00,139.92,139.8,140.27,139.57,1704029
AAPL,2022-05-12 21:25:00,2022-05-12 21:30:00,139.76,139.925,140.128,139.43,1414685
AAPL,2022-05-12 21:30:00,2022-05-12 21:35:00,139.91,139.32,139.915,139.043,1780563
AAPL,2022-05-12 21:35:00,2022-05-12 21:40:00,139.306,138.939,139.33,138.8,1845740
AAPL,2022-05-12 21:40:00,2022-05-12 21:45:00,138.96,139.15,139.26,138.85,1455299
AAPL,2022-05-12 21:45:00,2022-05-12 21:50:00,139.16,139.22,139.482,138.93,1637048
AAPL,2022-05-12 21:50:00,2022-05-12 21:55:00,139.2,139.51,139.82,139.06,1525001
AAPL,2022-05-12 21:55:00,2022-05-12 22:00:00,139.5,139.61,139.74,139.4,1168157
AAPL,2022-05-12 22:00:00,2022-05-12 22:05:00,139.631,140.116,140.15,139.4,1805398
AAPL,2022-05-12 22:05:00,2022-05-12 22:10:00,140.145,139.87,140.17,139.6,1583012
AAPL,2022-05-12 22:10:00,2022-05-12 22:15:00,139.88,139.63,139.89,139.42,1482866
AAPL,2022-05-12 22:15:00,2022-05-12 22:20:00,139.649,140.58,140.89,139.6,2485848
AAPL,2022-05-12 22:20:00,2022-05-12 22:25:00,140.6,141.42,141.83,140.46,2788605
AAPL,2022-05-12 22:25:00,2022-05-12 22:30:00,141.423,140.92,141.82,140.88,2452685
AAPL,2022-05-12 22:30:00,2022-05-12 22:35:00,140.9,141.37,141.82,140.9,1960951
AAPL,2022-05-12 22:35:00,2022-05-12 22:40:00,141.3,141.31,141.6,140.85,2217337
AAPL,2022-05-12 22:40:00,2022-05-12 22:45:00,141.37,140.975,141.575,140.75,2226752
AAPL,2022-05-12 22:45:00,2022-05-12 22:50:00,140.9,141.19,141.58,140.79,2265072
AAPL,2022-05-12 22:50:00,2022-05-12 22:55:00,141.19,141.86,142.1,141.19,4153322
AAPL,2022-05-12 22:55:00,2022-05-12 23:00:00,141.84,142.57,142.8,141.77,5330465
AAPL,2022-05-12 23:00:00,2022-05-12 23:05:00,142.55,142.82,142.98,142.24,9807022
AAPL,2022-05-12 23:05:00,2022-05-12 23:10:00,142.83,142.76,142.95,142.526,296744
AAPL,2022-05-12 23:10:00,2022-05-12 23:15:00,142.775,142.47,142.8,142.33,122727
AAPL,2022-05-12 23:15:00,2022-05-12 23:20:00,142.45,142.57,142.65,142.345,147823
AAPL,2022-05-12 23:20:00,2022-05-12 23:25:00,142.56,142.68,142.69,142.42,44798
AAPL,2022-05-12 23:25:00,2022-05-12 23:30:00,142.69,142.43,142.75,142.41,23116
AAPL,2022-05-12 23:30:00,2022-05-12 23:35:00,142.46,142.35,142.49,142.235,102916
AAPL,2022-05-12 23:35:00,2022-05-12 23:40:00,142.33,142.08,142.56,142.03,91865
AAPL,2022-05-12 23:40:00,2022-05-12 23:45:00,142.075,142.25,142.56,142.075,200891
AAPL,2022-05-12 23:45:00,2022-05-12 23:50:00,142.27,141.96,142.56,141.81,53363
AAPL,2022-05-12 23:50:00,2022-05-12 23:55:00,141.95,141.292,142.56,141.1,53836
AAPL,2022-05-12 23:55:00,2022-05-13 00:00:00,141.37,141.35,142.56,141.2,49209
AAPL,2022-05-13 00:00:00,2022-05-13 00:05:00,141.36,141.65,141.67,141.31,122710
AAPL,2022-05-13 00:05:00,2022-05-13 00:10:00,141.77,141.66,141.77,141.42,19908
AAPL,2022-05-13 00:10:00,2022-05-13 00:15:00,141.695,141.84,142.15,141.55,38859
AAPL,2022-05-13 00:15:00,2022-05-13 00:20:00,141.9,141.89,142.56,141.62,33027
AAPL,2022-05-13 00:20:00,2022-05-13 00:25:00,141.85,141.85,141.9,141.8,10507
AAPL,2022-05-13 00:25:00,2022-05-13 00:30:00,141.86,141.9,142,141.8,10452
AAPL,2022-05-13 00:30:00,2022-05-13 00:35:00,141.95,142,142.1,141.81,23594
AAPL,2022-05-13 00:35:00,2022-05-13 00:40:00,142.11,142,142.15,141.91,4295
AAPL,2022-05-13 00:40:00,2022-05-13 00:45:00,142.03,142.11,142.15,141.96,9935
AAPL,2022-05-13 00:45:00,2022-05-13 00:50:00,142.15,142.29,142.49,142.11,26203
AAPL,2022-05-13 00:50:00,2022-05-13 00:55:00,142.3,142.3,142.357,142.19,9734
AAPL,2022-05-13 00:55:00,2022-05-13 01:00:00,142.26,142.17,142.31,142.083,5450
AAPL,2022-05-13 01:00:00,2022-05-13 01:05:00,142.18,142.2,142.48,142.07,28484
AAPL,2022-05-13 01:05:00,2022-05-13 01:10:00,142.34,142.41,142.56,142.12,25560
AAPL,2022-05-13 01:10:00,2022-05-13 01:15:00,142.31,142.59,142.66,142.31,27988
AAPL,2022-05-13 01:15:00,2022-05-13 01:20:00,142.64,142.54,142.64,142.4,10096
AAPL,2022-05-13 01:20:00,2022-05-13 01:25:00,142.56,142.61,142.69,142.52,13132
AAPL,2022-05-13 01:25:00,2022-05-13 01:30:00,142.6,142.72,142.75,142.56,9168
AAPL,2022-05-13 01:30:00,2022-05-13 01:35:00,142.66,142.62,142.72,142.52,10962
AAPL,2022-05-13 01:35:00,2022-05-13 01:40:00,142.6,142.655,142.74,142.57,23460
AAPL,2022-05-13 01:40:00,2022-05-13 01:45:00,142.71,142.7,142.75,142.62,8609
AAPL,2022-05-13 01:45:00,2022-05-13 01:50:00,141.698,142.63,142.74,141.698,6843
AAPL,2022-05-13 01:50:00,2022-05-13 01:55:00,142.65,142.64,142.69,142.6,6192
AAPL,2022-05-13 01:55:00,2022-05-13 02:00:00,142.62,142.54,142.65,142.5,9240
AAPL,2022-05-13 02:00:00,2022-05-13 02:05:00,142.51,142.8,142.81,142.49,19338
AAPL,2022-05-13 02:05:00,2022-05-13 02:10:00,142.79,142.86,142.94,142.76,8927
AAPL,2022-05-13 02:10:00,2022-05-13 02:15:00,142.84,142.9,142.95,142.79,12012
AAPL,2022-05-13 02:15:00,2022-05-13 02:20:00,142.89,142.9,142.95,142.76,11479
AAPL,2022-05-13 02:20:00,2022-05-13 02:25:00,142.94,143.13,143.13,142.9,24718
AAPL,2022-05-13 02:25:00,2022-05-13 02:30:00,143.14,143.12,143.2,143.05,9552
AAPL,2022-05-13 02:30:00,2022-05-13 02:35:00,143.15,143.22,143.31,143.05,12786
AAPL,2022-05-13 02:35:00,2022-05-13 02:40:00,143.24,143.57,143.59,143.23,13122
AAPL,2022-05-13 02:40:00,2022-05-13 02:45:00,143.59,143.51,143.69,143.41,19058
AAPL,2022-05-13 02:45:00,2022-05-13 02:50:00,143.5,143.9,143.97,143.5,18858
AAPL,2022-05-13 02:50:00,2022-05-13 02:55:00,143.82,143.9,143.97,143.8,33258
AAPL,2022-05-13 02:55:00,2022-05-13 03:00:00,143.86,143.8,144.23,143.76,39607
AAPL,2022-05-13 11:00:00,2022-05-13 11:05:00,145,145.53,145.71,144.6,-182552846
AAPL,2022-05-13 11:05:00,2022-05-13 11:10:00,145.56,145.4,145.7,145.37,8739
AAPL,2022-05-13 11:10:00,2022-05-13 11:15:00,145.34,145.28,145.44,145.06,10849
AAPL,2022-05-13 11:15:00,2022-05-13 11:20:00,145.22,145.43,145.45,145.22,6516
AAPL,2022-05-13 11:20:00,2022-05-13 11:25:00,145.35,145.5,145.5,145.34,3822
AAPL,2022-05-13 11:25:00,2022-05-13 11:30:00,145.4,145.44,145.58,145.4,9357
AAPL,2022-05-13 11:30:00,2022-05-13 11:35:00,145.42,145.35,145.48,145.2,7046
AAPL,2022-05-13 11:35:00,2022-05-13 11:40:00,145.32,145.26,145.32,145.19,4029
AAPL,2022-05-13 11:40:00,2022-05-13 11:45:00,145.23,144.95,145.23,144.93,10762
AAPL,2022-05-13 11:45:00,2022-05-13 11:50:00,144.96,144.86,144.99,144.71,4320
AAPL,2022-05-13 11:50:00,2022-05-13 11:55:00,144.85,145.04,145.12,144.8,9312
AAPL,2022-05-13 11:55:00,2022-05-13 12:00:00,145.12,145.02,145.12,144.9,3056
AAPL,2022-05-13 12:00:00,2022-05-13 12:05:00,145.03,145.05,145.13,144.96,5614
AAPL,2022-05-13 12:05:00,2022-05-13 12:10:00,145.11,145.3,145.3,145.05,6713
AAPL,2022-05-13 12:10:00,2022-05-13 12:15:00,145.31,145.22,145.33,145.2,3355
AAPL,2022-05-13 12:15:00,2022-05-13 12:20:00,145.26,145.23,145.35,145.19,6796
AAPL,2022-05-13 12:20:00,2022-05-13 12:25:00,145.22,145.06,145.24,145.06,4035
AAPL,2022-05-13 12:25:00,2022-05-13 12:30:00,145.14,145.08,145.34,145.05,6262
AAPL,2022-05-13 12:30:00,2022-05-13 12:35:00,145.07,144.98,145.14,144.91,5207
AAPL,2022-05-13 12:35:00,2022-05-13 12:40:00,145,144.98,145,144.88,5357
AAPL,2022-05-13 12:40:00,2022-05-13 12:45:00,144.95,145.01,145.01,144.9,3003
AAPL,2022-05-13 12:45:00,2022-05-13 12:50:00,145.05,145.01,145.19,145,4784
AAPL,2022-05-13 12:50:00,2022-05-13 12:55:00,145.05,144.7,145.05,144.7,9025
AAPL,2022-05-13 12:55:00,2022-05-13 13:00:00,144.74,144.95,145,144.7,7948
AAPL,2022-05-13 13:00:00,2022-05-13 13:05:00,144.97,144.89,144.98,144.8,2776
AAPL,2022-05-13 13:05:00,2022-05-13 13:10:00,144.84,144.84,144.93,144.8,2514
AAPL,2022-05-13 13:10:00,2022-05-13 13:15:00,144.85,144.88,144.88,144.71,2523
AAPL,2022-05-13 13:15:00,2022-05-13 13:20:00,144.89,144.82,144.89,144.74,2850
AAPL,2022-05-13 13:20:00,2022-05-13 13:25:00,144.8,144.9,144.9,144.78,4300
AAPL,2022-05-13 13:25:00,2022-05-13 13:30:00,144.91,144.9,144.96,144.79,1698
AAPL,2022-05-13 13:30:00,2022-05-13 13:35:00,144.89,144.99,144.99,144.85,2589
AAPL,2022-05-13 13:35:00,2022-05-13 13:40:00,144.94,145.25,145.29,144.94,14155
AAPL,2022-05-13 13:40:00,2022-05-13 13:45:00,145.19,145.02,145.29,145.01,7961
AAPL,2022-05-13 13:45:00,2022-05-13 13:50:00,145.07,145.09,145.1,145.02,2589
AAPL,2022-05-13 13:50:00,2022-05-13 13:55:00,145.1,145.25,145.25,145.05,9270
AAPL,2022-05-13 13:55:00,2022-05-13 14:00:00,145.27,145.15,145.3,145.03,15821
AAPL,2022-05-13 14:00:00,2022-05-13 14:05:00,145.15,144.94,145.15,144.77,54711
AAPL,2022-05-13 14:05:00,2022-05-13 14:10:00,144.97,144.87,144.99,144.68,35957
AAPL,2022-05-13 14:10:00,2022-05-13 14:15:00,144.85,144.86,144.88,144.8,21919
AAPL,2022-05-13 14:15:00,2022-05-13 14:20:00,144.9,144.8,144.95,144.78,10824
AAPL,2022-05-13 14:20:00,2022-05-13 14:25:00,144.83,144.62,144.83,144.58,27756
AAPL,2022-05-13 14:25:00,2022-05-13 14:30:00,144.65,144.63,144.74,144.55,29768
AAPL,2022-05-13 14:30:00,2022-05-13 14:35:00,144.59,144.89,144.93,144.56,14546
AAPL,2022-05-13 14:35:00,2022-05-13 14:40:00,144.91,144.9,144.98,144.8,16004
AAPL,2022-05-13 14:40:00,2022-05-13 14:45:00,144.86,145.13,145.13,144.84,26940
AAPL,2022-05-13 14:45:00,2022-05-13 14:50:00,145.11,145.4,145.46,145.04,33901
AAPL,2022-05-13 14:50:00,2022-05-13 14:55:00,145.36,145.28,145.41,145.04,19658
AAPL,2022-05-13 14:55:00,2022-05-13 15:00:00,145.32,145.55,145.7,145.3,47371
AAPL,2022-05-13 15:00:00,2022-05-13 15:05:00,144.85,145.3,145.769,144.619,383664
AAPL,2022-05-13 15:05:00,2022-05-13 15:10:00,145.28,145.22,145.32,145.02,26480
AAPL,2022-05-13 15:10:00,2022-05-13 15:15:00,145.2,145.141,145.28,145.13,25792
AAPL,2022-05-13 15:15:00,2022-05-13 15:20:00,145.2,145.37,145.5,145.14,50016
AAPL,2022-05-13 15:20:00,2022-05-13 15:25:00,145.449,145.2,145.45,145.12,33497
AAPL,2022-05-13 15:25:00,2022-05-13 15:30:00,145.25,145.12,145.35,145.12,53857
AAPL,2022-05-13 15:30:00,2022-05-13 15:35:00,145.145,145.26,145.31,145.11,77898
AAPL,2022-05-13 15:35:00,2022-05-13 15:40:00,145.27,145.26,145.34,145.21,36403
AAPL,2022-05-13 15:40:00,2022-05-13 15:45:00,145.31,145.15,145.34,145.05,49272
AAPL,2022-05-13 15:45:00,2022-05-13 15:50:00,145.17,145.18,145.25,145.13,18800
AAPL,2022-05-13 15:50:00,2022-05-13 15:55:00,145.19,145.28,145.35,145.16,36417
AAPL,2022-05-13 15:55:00,2022-05-13 16:00:00,145.3,145,145.32,144.97,50408
AAPL,2022-05-13 16:00:00,2022-05-13 16:05:00,144.99,145,145.09,144.761,86775
AAPL,2022-05-13 16:05:00,2022-05-13 16:10:00,144.98,145.18,145.26,144.95,101709
AAPL,2022-05-13 16:10:00,2022-05-13 16:15:00,145.17,144.7,145.18,144.67,66562
AAPL,2022-05-13 16:15:00,2022-05-13 16:20:00,144.725,144.85,144.85,144.64,86256
AAPL,2022-05-13 16:20:00,2022-05-13 16:25:00,144.83,144.73,144.97,144.7,83861
AAPL,2022-05-13 16:25:00,2022-05-13 16:30:00,144.7,144.61,144.82,144.44,58908
AAPL,2022-05-13 16:30:00,2022-05-13 16:35:00,144.73,143.37,144.87,143.318,4087782
AAPL,2022-05-13 16:35:00,2022-05-13 16:40:00,143.42,143.77,144.24,143.12,2790975
AAPL,2022-05-13 16:40:00,2022-05-13 16:45:00,143.76,144.555,144.63,143.41,2433175
AAPL,2022-05-13 16:45:00,2022-05-13 16:50:00,144.56,144.34,144.81,144.175,2241230
AAPL,2022-05-13 16:50:00,2022-05-13 16:55:00,144.36,145.14,145.26,144.29,2948562
AAPL,2022-05-13 16:55:00,2022-05-13 17:00:00,145.167,144.988,145.17,144.73,2086805
AAPL,2022-05-13 17:00:00,2022-05-13 17:05:00,144.99,145.575,145.67,144.98,2316495
AAPL,2022-05-13 17:05:00,2022-05-13 17:10:00,145.578,145.66,145.7,145.29,1818980
AAPL,2022-05-13 17:10:00,2022-05-13 17:15:00,145.635,145.75,145.92,145.42,2056940
AAPL,2022-05-13 17:15:00,2022-05-13 17:20:00,145.74,145.61,145.883,145.18,1597683
AAPL,2022-05-13 17:20:00,2022-05-13 17:25:00,145.63,146.23,146.27,145.61,1724229
AAPL,2022-05-13 17:25:00,2022-05-13 17:30:00,146.225,146.16,146.387,146.11,1350773
AAPL,2022-05-13 17:30:00,2022-05-13 17:35:00,146.18,146.03,146.182,145.91,1398682
AAPL,2022-05-13 17:35:00,2022-05-13 17:40:00,146.036,146.26,146.31,145.925,1171612
AAPL,2022-05-13 17:40:00,2022-05-13 17:45:00,146.275,146.005,146.31,145.96,1109550
AAPL,2022-05-13 17:45:00,2022-05-13 17:50:00,146.01,146.13,146.16,145.64,1493314
AAPL,2022-05-13 17:50:00,2022-05-13 17:55:00,146.125,146.88,146.89,146.06,1367889
AAPL,2022-05-13 17:55:00,2022-05-13 18:00:00,146.882,146.87,146.91,146.64,1264617
AAPL,2022-05-13 18:00:00,2022-05-13 18:05:00,146.868,146.87,146.92,146.58,1457855
AAPL,2022-05-13 18:05:00,2022-05-13 18:10:00,146.875,147.315,147.45,146.87,1811436
AAPL,2022-05-13 18:10:00,2022-05-13 18:15:00,147.32,147.34,147.445,147.17,1214937
AAPL,2022-05-13 18:15:00,2022-05-13 18:20:00,147.33,146.91,147.331,146.78,1307680
AAPL,2022-05-13 18:20:00,2022-05-13 18:25:00,146.92,147.07,147.189,146.92,884243
AAPL,2022-05-13 18:25:00,2022-05-13 18:30:00,147.058,147.65,147.77,147.05,1521431
AAPL,2022-05-13 18:30:00,2022-05-13 18:35:00,147.65,147.38,147.84,147.28,1026666
AAPL,2022-05-13 18:35:00,2022-05-13 18:40:00,147.389,147.26,147.389,147.179,913344
AAPL,2022-05-13 18:40:00,2022-05-13 18:45:00,147.25,147.213,147.28,146.95,1077208
AAPL,2022-05-13 18:45:00,2022-05-13 18:50:00,147.23,146.985,147.32,146.88,828215
AAPL,2022-05-13 18:50:00,2022-05-13 18:55:00,146.975,147.285,147.315,146.8,907313
AAPL,2022-05-13 18:55:00,2022-05-13 19:00:00,147.26,147.04,147.31,146.93,662677
AAPL,2022-05-13 19:00:00,2022-05-13 19:05:00,147.06,147.24,147.28,146.919,732033
AAPL,2022-05-13 19:05:00,2022-05-13 19:10:00,147.245,147.619,147.62,147.105,945073
AAPL,2022-05-13 19:10:00,2022-05-13 19:15:00,147.64,147.98,148.09,147.51,1318052
AAPL,2022-05-13 19:15:00,2022-05-13 19:20:00,147.98,147.817,148.07,147.794,961225
AAPL,2022-05-13 19:20:00,2022-05-13 19:25:00,147.81,147.6,147.93,147.42,917986
AAPL,2022-05-13 19:25:00,2022-05-13 19:30:00,147.59,147.415,147.6,147.27,749889
AAPL,2022-05-13 19:30:00,2022-05-13 19:35:00,147.424,147.7,147.78,147.31,1041780
AAPL,2022-05-13 19:35:00,2022-05-13 19:40:00,147.695,147.988,147.99,147.65,973547
AAPL,2022-05-13 19:40:00,2022-05-13 19:45:00,147.981,147.93,148.06,147.91,961206
AAPL,2022-05-13 19:45:00,2022-05-13 19:50:00,147.88,147.68,147.888,147.615,891915
AAPL,2022-05-13 19:50:00,2022-05-13 19:55:00,147.65,147.055,147.68,146.825,1118565
AAPL,2022-05-13 19:55:00,2022-05-13 20:00:00,147.09,147.257,147.264,147.07,854808
AAPL,2022-05-13 20:00:00,2022-05-13 20:05:00,147.26,147.296,147.476,147.111,743929
AAPL,2022-05-13 20:05:00,2022-05-13 20:10:00,147.292,146.95,147.304,146.95,795363
AAPL,2022-05-13 20:10:00,2022-05-13 20:15:00,146.95,147.02,147.08,146.77,900550
AAPL,2022-05-13 20:15:00,2022-05-13 20:20:00,147.03,146.75,147.075,146.71,682654
AAPL,2022-05-13 20:20:00,2022-05-13 20:25:00,146.82,147.01,147.045,146.62,719926
AAPL,2022-05-13 20:25:00,2022-05-13 20:30:00,147.001,146.825,147.13,146.8,595677
AAPL,2022-05-13 20:30:00,2022-05-13 20:35:00,146.84,146.88,147.008,146.713,555076
AAPL,2022-05-13 20:35:00,2022-05-13 20:40:00,146.89,146.55,146.898,146.48,696804
AAPL,2022-05-13 20:40:00,2022-05-13 20:45:00,146.56,146.48,146.62,146.19,1236651
AAPL,2022-05-13 20:45:00,2022-05-13 20:50:00,146.47,146.576,146.61,146.13,732048
AAPL,2022-05-13 20:50:00,2022-05-13 20:55:00,146.57,146.45,146.585,146.3,649670
AAPL,2022-05-13 20:55:00,2022-05-13 21:00:00,146.41,146.215,146.445,146.02,818604
AAPL,2022-05-13 21:00:00,2022-05-13 21:05:00,146.18,145.205,146.19,145.02,1939758
AAPL,2022-05-13 21:05:00,2022-05-13 21:10:00,145.17,145.43,145.5,144.81,1492616
AAPL,2022-05-13 21:10:00,2022-05-13 21:15:00,145.42,145.27,145.648,145.21,894616
AAPL,2022-05-13 21:15:00,2022-05-13 21:20:00,145.271,145.65,145.65,145.11,859677
AAPL,2022-05-13 21:20:00,2022-05-13 21:25:00,145.64,145.4,145.68,145.17,1068128
AAPL,2022-05-13 21:25:00,2022-05-13 21:30:00,145.42,145.49,145.574,145.232,912077
AAPL,2022-05-13 21:30:00,2022-05-13 21:35:00,145.48,145.925,146.17,145.475,1537255
AAPL,2022-05-13 21:35:00,2022-05-13 21:40:00,145.93,145.71,145.95,145.58,788109
AAPL,2022-05-13 21:40:00,2022-05-13 21:45:00,145.716,145.862,145.99,145.623,693788
AAPL,2022-05-13 21:45:00,2022-05-13 21:50:00,145.895,145.831,145.95,145.64,849148
AAPL,2022-05-13 21:50:00,2022-05-13 21:55:00,145.84,146.896,146.9,145.79,1256258
AAPL,2022-05-13 21:55:00,2022-05-13 22:00:00,146.9,146.86,146.917,146.67,938238
AAPL,2022-05-13 22:00:00,2022-05-13 22:05:00,146.87,146.685,147.105,146.663,1203817
AAPL,2022-05-13 22:05:00,2022-05-13 22:10:00,146.7,147.176,147.201,146.695,1283522
AAPL,2022-05-13 22:10:00,2022-05-13 22:15:00,147.18,147.57,147.59,147.09,1090726
AAPL,2022-05-13 22:15:00,2022-05-13 22:20:00,147.58,147.58,147.7,147.375,1099778
AAPL,2022-05-13 22:20:00,2022-05-13 22:25:00,147.572,147.475,147.63,147.28,1033015
AAPL,2022-05-13 22:25:00,2022-05-13 22:30:00,147.48,147.662,147.69,147.333,860911
AAPL,2022-05-13 22:30:00,2022-05-13 22:35:00,147.65,146.865,147.81,146.805,1653913
AAPL,2022-05-13 22:35:00,2022-05-13 22:40:00,146.845,146.77,147.115,146.55,1473336
AAPL,2022-05-13 22:40:00,2022-05-13 22:45:00,146.8,147.02,147.18,146.738,1453661
AAPL,2022-05-13 22:45:00,2022-05-13 22:50:00,146.97,146.76,147.29,146.576,1611567
AAPL,2022-05-13 22:50:00,2022-05-13 22:55:00,146.78,146.66,146.79,145.92,2875412
AAPL,2022-05-13 22:55:00,2022-05-13 23:00:00,146.7,147.095,147.14,146.45,3262753
AAPL,2022-05-13 23:00:00,2022-05-13 23:05:00,147.11,146.97,147.14,146.454,8766357
AAPL,2022-05-13 23:05:00,2022-05-13 23:10:00,146.98,146.77,147.11,146.75,529445
AAPL,2022-05-13 23:10:00,2022-05-13 23:15:00,146.77,146.675,147.11,146.63,44593
AAPL,2022-05-13 23:15:00,2022-05-13 23:20:00,146.71,146.818,147.11,146.7,156523
AAPL,2022-05-13 23:20:00,2022-05-13 23:25:00,146.785,146.79,147.11,146.71,57574
AAPL,2022-05-13 23:25:00,2022-05-13 23:30:00,146.78,146.9,146.93,146.72,45972
AAPL,2022-05-13 23:30:00,2022-05-13 23:35:00,146.91,146.98,147,146.82,20374
AAPL,2022-05-13 23:35:00,2022-05-13 23:40:00,146.99,146.95,147.11,146.94,359315
AAPL,2022-05-13 23:40:00,2022-05-13 23:45:00,146.97,146.91,146.99,146.9,41806
AAPL,2022-05-13 23:45:00,2022-05-13 23:50:00,146.92,146.89,147.11,146.88,7400
AAPL,2022-05-13 23:50:00,2022-05-13 23:55:00,146.82,146.74,147.11,146.258,43218
AAPL,2022-05-13 23:55:00,2022-05-14 00:00:00,146.705,146.74,146.76,146.258,29768
AAPL,2022-05-14 00:00:00,2022-05-14 00:05:00,146.73,146.86,146.9,146.72,21198
AAPL,2022-05-14 00:05:00,2022-05-14 00:10:00,146.85,146.8,146.86,146.69,10064
AAPL,2022-05-14 00:10:00,2022-05-14 00:15:00,146.81,146.75,146.81,146.69,5461
AAPL,2022-05-14 00:15:00,2022-05-14 00:20:00,146.8,147.04,147.04,146.7,13451
AAPL,2022-05-14 00:20:00,2022-05-14 00:25:00,147.03,147,147.08,146.88,19021
AAPL,2022-05-14 00:25:00,2022-05-14 00:30:00,146.95,147.04,147.09,146.95,15039
AAPL,2022-05-14 00:30:00,2022-05-14 00:35:00,147.06,147.115,147.17,147.03,18883
AAPL,2022-05-14 00:35:00,2022-05-14 00:40:00,147.11,147.19,147.24,147.06,15003
AAPL,2022-05-14 00:40:00,2022-05-14 00:45:00,147.236,147.25,147.28,147.19,10718
AAPL,2022-05-14 00:45:00,2022-05-14 00:50:00,147.24,147.215,147.25,147.17,7708
AAPL,2022-05-14 00:50:00,2022-05-14 00:55:00,147.24,147.205,147.25,147.18,7086
AAPL,2022-05-14 00:55:00,2022-05-14 01:00:00,147.221,147.185,147.24,147.15,3593
AAPL,2022-05-14 01:00:00,2022-05-14 01:05:00,147.19,147.2,147.22,147.15,2623
AAPL,2022-05-14 01:05:00,2022-05-14 01:10:00,147.175,147.19,147.2,147.11,1566
AAPL,2022-05-14 01:10:00,2022-05-14 01:15:00,147.13,147.1,147.19,147.1,10869
AAPL,2022-05-14 01:15:00,2022-05-14 01:20:00,147.085,147.14,147.15,147.02,21457
AAPL,2022-05-14 01:20:00,2022-05-14 01:25:00,147.05,147.1,147.17,147.05,4457
AAPL,2022-05-14 01:25:00,2022-05-14 01:30:00,147.07,147.08,147.16,147.035,12827
AAPL,2022-05-14 01:30:00,2022-05-14 01:35:00,147.07,147.12,147.13,147.06,1103
AAPL,2022-05-14 01:35:00,2022-05-14 01:40:00,147.09,147.095,147.16,147.06,5833
AAPL,2022-05-14 01:40:00,2022-05-14 01:45:00,147.14,147.13,147.16,147.06,10160
AAPL,2022-05-14 01:45:00,2022-05-14 01:50:00,147.15,147.2,147.2,147.11,10714
AAPL,2022-05-14 01:50:00,2022-05-14 01:55:00,147.16,147.17,147.2,146.975,9920
AAPL,2022-05-14 01:55:00,2022-05-14 02:00:00,147.165,147.265,147.29,147.16,9518
AAPL,2022-05-14 02:00:00,2022-05-14 02:05:00,147.27,147.24,147.27,147.17,7070
AAPL,2022-05-14 02:05:00,2022-05-14 02:10:00,147.23,147.25,147.25,147.18,3517
AAPL,2022-05-14 02:10:00,2022-05-14 02:15:00,147.24,147.29,147.3,147.2,7621
AAPL,2022-05-14 02:15:00,2022-05-14 02:20:00,147.23,147.27,147.3,147.23,3387
AAPL,2022-05-14 02:20:00,2022-05-14 02:25:00,147.28,147.25,147.29,147.23,3691
AAPL,2022-05-14 02:25:00,2022-05-14 02:30:00,147.28,147.25,147.28,147.25,2887
AAPL,2022-05-14 02:30:00,2022-05-14 02:35:00,147.29,147.29,147.29,147.25,4378
AAPL,2022-05-14 02:35:00,2022-05-14 02:40:00,147.27,147.26,147.3,147.26,14376
AAPL,2022-05-14 02:40:00,2022-05-14 02:45:00,147.28,147.27,147.29,147.24,3201
AAPL,2022-05-14 02:45:00,2022-05-14 02:50:00,147.25,147.23,147.29,147.23,9621
AAPL,2022-05-14 02:50:00,2022-05-14 02:55:00,147.25,147.28,147.29,147.23,13299
AAPL,2022-05-14 02:55:00,2022-05-14 03:00:00,147.29,147.28,147.3,147.23,39701