date,symbol,open,high,low,close
29/11/2019,AAPL,66.65,67,66.475,66.8125
02/12/2019,AAPL,66.8175,67.0625,65.8625,66.04
03/12/2019,AAPL,64.5775,64.8825,64.0725,64.8625
04/12/2019,AAPL,65.2675,65.8275,65.17,65.435
05/12/2019,AAPL,65.9475,66.4725,65.6825,66.395
06/12/2019,AAPL,66.87,67.75,66.825,67.6775
09/12/2019,AAPL,67.5,67.7,66.2275,66.73
10/12/2019,AAPL,67.15,67.5175,66.465,67.12
11/12/2019,AAPL,67.2025,67.775,67.125,67.6925
12/12/2019,AAPL,66.945,68.14,66.8303,67.865
13/12/2019,AAPL,67.865,68.825,67.7325,68.7875
16/12/2019,AAPL,69.25,70.1975,69.245,69.965
17/12/2019,AAPL,69.8925,70.4425,69.7,70.1025
18/12/2019,AAPL,69.95,70.475,69.78,69.935
19/12/2019,AAPL,69.875,70.295,69.7375,70.005
20/12/2019,AAPL,70.5575,70.6625,69.64,69.86
23/12/2019,AAPL,70.1325,71.0625,70.0934,71
24/12/2019,AAPL,71.1725,71.2225,70.7299,71.0675
26/12/2019,AAPL,71.205,72.495,71.175,72.4775
27/12/2019,AAPL,72.78,73.4925,72.03,72.45
30/12/2019,AAPL,72.365,73.1725,71.305,72.88
31/12/2019,AAPL,72.4825,73.42,72.38,73.4125
02/01/2020,AAPL,74.06,75.15,73.7975,75.0875
03/01/2020,AAPL,74.2875,75.145,74.125,74.3575
06/01/2020,AAPL,73.4475,74.99,73.1875,74.95
07/01/2020,AAPL,74.96,75.225,74.37,74.5975
08/01/2020,AAPL,74.29,76.11,74.289,75.7975
09/01/2020,AAPL,76.8088,77.6075,76.55,77.4075
10/01/2020,AAPL,77.65,78.1675,77.0625,77.5825
13/01/2020,AAPL,77.91,79.2675,77.7875,79.24
14/01/2020,AAPL,79.175,79.3925,78.0425,78.17
15/01/2020,AAPL,77.9625,78.875,77.3875,77.835
16/01/2020,AAPL,78.3975,78.925,78.0225,78.81
17/01/2020,AAPL,79.0675,79.685,78.75,79.6825
21/01/2020,AAPL,79.2975,79.755,79,79.1425
22/01/2020,AAPL,79.645,79.9975,79.3275,79.425
23/01/2020,AAPL,79.48,79.89,78.9125,79.8075
24/01/2020,AAPL,80.0625,80.8325,79.3797,79.5775
27/01/2020,AAPL,77.515,77.9425,76.22,77.2375
28/01/2020,AAPL,78.15,79.6,78.0475,79.4225
29/01/2020,AAPL,81.1125,81.9625,80.345,81.085
30/01/2020,AAPL,80.136,81.0225,79.6875,80.9675
31/01/2020,AAPL,80.2325,80.67,77.0725,77.3775
03/02/2020,AAPL,76.075,78.3725,75.555,77.165
04/02/2020,AAPL,78.8275,79.91,78.4086,79.7125
05/02/2020,AAPL,80.88,81.19,79.7375,80.3625
06/02/2020,AAPL,80.6425,81.305,80.0662,81.3025
07/02/2020,AAPL,80.5925,80.85,79.5,80.0075
10/02/2020,AAPL,78.545,80.3875,78.4625,80.3875
11/02/2020,AAPL,80.9,80.975,79.6775,79.9025
12/02/2020,AAPL,80.3675,81.805,80.3675,81.8
13/02/2020,AAPL,81.0475,81.555,80.8375,81.2175
14/02/2020,AAPL,81.185,81.495,80.7125,81.2375
18/02/2020,AAPL,78.84,79.9375,78.6525,79.75
19/02/2020,AAPL,80,81.1425,80,80.905
20/02/2020,AAPL,80.6575,81.1625,79.5525,80.075
21/02/2020,AAPL,79.655,80.1125,77.625,78.2625
24/02/2020,AAPL,74.315,76.045,72.3075,74.545
25/02/2020,AAPL,75.2375,75.6325,71.5325,72.02
26/02/2020,AAPL,71.6325,74.47,71.625,73.1625
27/02/2020,AAPL,70.275,71.5,68.24,68.38
28/02/2020,AAPL,64.315,69.6025,64.0925,68.34
02/03/2020,AAPL,70.57,75.36,69.43,74.7025
03/03/2020,AAPL,75.9175,76,71.45,72.33
04/03/2020,AAPL,74.11,75.85,73.2825,75.685
05/03/2020,AAPL,73.88,74.8875,72.8525,73.23
06/03/2020,AAPL,70.5,72.705,70.3075,72.2575
09/03/2020,AAPL,65.9375,69.5225,65.75,66.5425
10/03/2020,AAPL,69.285,71.61,67.3425,71.335
11/03/2020,AAPL,69.3475,70.305,67.965,68.8575
12/03/2020,AAPL,63.985,67.5,62,62.0575
13/03/2020,AAPL,66.2225,69.98,63.2375,69.4925
16/03/2020,AAPL,60.4875,64.77,60,60.5525
17/03/2020,AAPL,61.8775,64.4025,59.6,63.215
18/03/2020,AAPL,59.9425,62.5,59.28,61.6675
19/03/2020,AAPL,61.8462,63.21,60.6525,61.195
20/03/2020,AAPL,61.795,62.9575,57,57.31
23/03/2020,AAPL,57.02,57.1249,53.1525,56.0925
24/03/2020,AAPL,59.09,61.9225,58.575,61.72
25/03/2020,AAPL,62.6875,64.5625,61.075,61.38
26/03/2020,AAPL,61.63,64.67,61.59,64.61
27/03/2020,AAPL,63.1875,63.9675,61.7625,61.935
30/03/2020,AAPL,62.685,63.88,62.35,63.7025
31/03/2020,AAPL,63.9,65.6225,63,63.5725
01/04/2020,AAPL,61.625,62.18,59.7825,60.2275
02/04/2020,AAPL,60.085,61.2875,59.225,61.2325
03/04/2020,AAPL,60.7,61.425,59.7435,60.3525
06/04/2020,AAPL,62.725,65.7775,62.345,65.6175
07/04/2020,AAPL,67.7,67.925,64.75,64.8575
08/04/2020,AAPL,65.685,66.8425,65.3075,66.5175
09/04/2020,AAPL,67.175,67.5175,66.175,66.9975
13/04/2020,AAPL,67.0775,68.425,66.4575,68.3125
14/04/2020,AAPL,70,72.0625,69.5125,71.7625
15/04/2020,AAPL,70.6,71.5825,70.1575,71.1075
16/04/2020,AAPL,71.845,72.0494,70.5875,71.6725
17/04/2020,AAPL,71.1725,71.7362,69.215,70.7
20/04/2020,AAPL,69.4875,70.42,69.2125,69.2325
21/04/2020,AAPL,69.07,69.3125,66.3575,67.0925
22/04/2020,AAPL,68.4025,69.475,68.05,69.025
23/04/2020,AAPL,68.9675,70.4375,68.7175,68.7575
24/04/2020,AAPL,69.3,70.7525,69.25,70.7425
27/04/2020,AAPL,70.45,71.135,69.9875,70.7925
28/04/2020,AAPL,71.27,71.4575,69.55,69.645
29/04/2020,AAPL,71.1825,72.4175,70.9725,71.9325
30/04/2020,AAPL,72.49,73.6325,72.0875,73.45
01/05/2020,AAPL,71.5625,74.75,71.4625,72.2675
04/05/2020,AAPL,72.2925,73.4225,71.5793,73.29
05/05/2020,AAPL,73.765,75.25,73.615,74.39
06/05/2020,AAPL,75.115,75.81,74.7175,75.1575
07/05/2020,AAPL,75.805,76.2925,75.4925,75.935
08/05/2020,AAPL,76.41,77.5875,76.0725,77.5325
11/05/2020,AAPL,77.025,79.2625,76.81,78.7525
12/05/2020,AAPL,79.4575,79.922,77.7275,77.8525
13/05/2020,AAPL,78.0375,78.9875,75.8025,76.9125
14/05/2020,AAPL,76.1275,77.4475,75.3825,77.385
15/05/2020,AAPL,75.0875,76.975,75.0525,76.9275
18/05/2020,AAPL,78.2925,79.125,77.581,78.74
19/05/2020,AAPL,78.7575,79.63,78.2525,78.285
20/05/2020,AAPL,79.17,79.88,79.05,79.8075
21/05/2020,AAPL,79.665,80.2225,78.9675,79.2125
22/05/2020,AAPL,78.9425,79.8075,78.8375,79.7225
26/05/2020,AAPL,80.875,81.06,79.125,79.1825
27/05/2020,AAPL,79.035,79.6775,78.2725,79.5275
28/05/2020,AAPL,79.1925,80.86,78.9075,79.5625
29/05/2020,AAPL,79.8125,80.2875,79.1175,79.485
01/06/2020,AAPL,79.4375,80.5875,79.3025,80.4625
02/06/2020,AAPL,80.1863,80.86,79.7325,80.835
03/06/2020,AAPL,81.165,81.55,80.575,81.28
04/06/2020,AAPL,81.0975,81.405,80.195,80.58
05/06/2020,AAPL,80.8375,82.9375,80.8075,82.875
08/06/2020,AAPL,82.5625,83.4,81.83,83.365
09/06/2020,AAPL,83.035,86.4025,83.0025,85.9975
10/06/2020,AAPL,86.975,88.6925,86.5225,88.21
11/06/2020,AAPL,87.3275,87.765,83.87,83.975
12/06/2020,AAPL,86.18,86.95,83.5558,84.7
15/06/2020,AAPL,83.3125,86.42,83.145,85.7475
16/06/2020,AAPL,87.865,88.3,86.18,88.02
17/06/2020,AAPL,88.7875,88.85,87.7725,87.8975
18/06/2020,AAPL,87.8525,88.3625,87.305,87.9325
19/06/2020,AAPL,88.6587,89.14,86.2875,87.43
22/06/2020,AAPL,87.835,89.865,87.7875,89.7175
23/06/2020,AAPL,91,93.095,90.5675,91.6325
24/06/2020,AAPL,91.25,92.1975,89.63,90.015
25/06/2020,AAPL,90.175,91.25,89.3925,91.21
26/06/2020,AAPL,91.1025,91.33,88.255,88.4075
29/06/2020,AAPL,88.3125,90.5434,87.82,90.445
30/06/2020,AAPL,90.02,91.495,90,91.2
01/07/2020,AAPL,91.28,91.84,90.9775,91.0275
02/07/2020,AAPL,91.9625,92.6175,90.91,91.0275
06/07/2020,AAPL,92.5,93.945,92.4675,93.4625
07/07/2020,AAPL,93.8525,94.655,93.0575,93.1725
08/07/2020,AAPL,94.18,95.375,94.09,95.3425
09/07/2020,AAPL,96.2625,96.3175,94.6725,95.6825
10/07/2020,AAPL,95.335,95.98,94.7052,95.92
13/07/2020,AAPL,97.265,99.955,95.2575,95.4775
14/07/2020,AAPL,94.84,97.255,93.8775,97.0575
15/07/2020,AAPL,98.99,99.2475,96.49,97.725
16/07/2020,AAPL,96.5625,97.405,95.905,96.5225
17/07/2020,AAPL,96.9875,97.1475,95.84,96.3275
20/07/2020,AAPL,96.4163,98.5,96.0625,98.3575
21/07/2020,AAPL,99.1725,99.25,96.7425,97
22/07/2020,AAPL,96.6925,97.975,96.6025,97.2725
23/07/2020,AAPL,96.9985,97.0775,92.0097,92.845
24/07/2020,AAPL,90.9875,92.97,89.145,92.615
27/07/2020,AAPL,93.71,94.905,93.48,94.81
28/07/2020,AAPL,94.3675,94.5497,93.2475,93.2525
29/07/2020,AAPL,93.75,95.23,93.7125,95.04
30/07/2020,AAPL,94.1875,96.2975,93.7675,96.19
31/07/2020,AAPL,102.8838,106.415,100.825,106.26
03/08/2020,AAPL,108.2,111.6364,107.8925,108.9375
04/08/2020,AAPL,109.1325,110.79,108.3875,109.665
05/08/2020,AAPL,109.3775,110.3925,108.8975,110.0625
06/08/2020,AAPL,110.405,114.4125,109.7975,113.9025
07/08/2020,AAPL,113.205,113.675,110.2925,111.1125
10/08/2020,AAPL,112.6,113.775,110,112.7275
11/08/2020,AAPL,111.9688,112.4825,109.1067,109.375
12/08/2020,AAPL,110.4975,113.275,110.2975,113.01
13/08/2020,AAPL,114.43,116.0425,113.9275,115.01
14/08/2020,AAPL,114.8288,115,113.045,114.9075
17/08/2020,AAPL,116.0625,116.0875,113.9625,114.6075
18/08/2020,AAPL,114.3525,116,114.0075,115.5625
19/08/2020,AAPL,115.9833,117.1625,115.61,115.7075
20/08/2020,AAPL,115.75,118.392,115.7334,118.275
21/08/2020,AAPL,119.2625,124.868,119.25,124.37
24/08/2020,AAPL,128.6975,128.785,123.9363,125.8575
25/08/2020,AAPL,124.6975,125.1793,123.0525,124.825
26/08/2020,AAPL,126.1793,126.9925,125.0825,126.5225
27/08/2020,AAPL,127.1425,127.485,123.8325,125.01
28/08/2020,AAPL,126.0125,126.4425,124.5775,124.8075
31/08/2020,AAPL,127.58,131,126,129.04
01/09/2020,AAPL,132.76,134.8,130.53,134.18
02/09/2020,AAPL,137.59,137.98,127,131.4
03/09/2020,AAPL,126.91,128.84,120.5,120.88
04/09/2020,AAPL,120.07,123.7,110.89,120.96
08/09/2020,AAPL,113.95,118.99,112.68,112.82
09/09/2020,AAPL,117.26,119.14,115.26,117.32
10/09/2020,AAPL,120.36,120.5,112.5,113.49
11/09/2020,AAPL,114.57,115.23,110,112
14/09/2020,AAPL,114.72,115.93,112.8,115.355
15/09/2020,AAPL,118.33,118.829,113.61,115.54
16/09/2020,AAPL,115.23,116,112.04,112.13
17/09/2020,AAPL,109.72,112.2,108.71,110.34
18/09/2020,AAPL,110.4,110.88,106.09,106.84
21/09/2020,AAPL,104.54,110.19,103.1,110.08
22/09/2020,AAPL,112.68,112.86,109.16,111.81
23/09/2020,AAPL,111.62,112.11,106.77,107.12
24/09/2020,AAPL,105.17,110.25,105,108.22
25/09/2020,AAPL,108.43,112.44,107.67,112.28
28/09/2020,AAPL,115.01,115.32,112.78,114.96
29/09/2020,AAPL,114.55,115.31,113.57,114.09
30/09/2020,AAPL,113.79,117.26,113.62,115.81
01/10/2020,AAPL,117.64,117.72,115.83,116.79
02/10/2020,AAPL,112.89,115.37,112.22,113.02
05/10/2020,AAPL,113.91,116.65,113.55,116.5
06/10/2020,AAPL,115.7,116.12,112.25,113.16
07/10/2020,AAPL,114.62,115.55,114.13,115.08
08/10/2020,AAPL,116.25,116.4,114.5901,114.97
09/10/2020,AAPL,115.28,117,114.92,116.97
12/10/2020,AAPL,120.06,125.18,119.2845,124.4
13/10/2020,AAPL,125.27,125.39,119.65,121.1
14/10/2020,AAPL,121,123.03,119.62,121.19
15/10/2020,AAPL,118.72,121.2,118.15,120.71
16/10/2020,AAPL,121.28,121.548,118.81,119.02
19/10/2020,AAPL,119.96,120.419,115.66,115.98
20/10/2020,AAPL,116.2,118.98,115.63,117.51
21/10/2020,AAPL,116.67,118.705,116.45,116.87
22/10/2020,AAPL,117.45,118.04,114.59,115.75
23/10/2020,AAPL,116.39,116.55,114.28,115.04
26/10/2020,AAPL,114.01,116.55,112.88,115.05
27/10/2020,AAPL,115.49,117.28,114.5399,116.6
28/10/2020,AAPL,115.05,115.43,111.1,111.2
29/10/2020,AAPL,112.37,116.93,112.2,115.32
30/10/2020,AAPL,111.06,111.99,107.72,108.86
02/11/2020,AAPL,109.11,110.68,107.32,108.77
03/11/2020,AAPL,109.66,111.49,108.73,110.44
04/11/2020,AAPL,114.14,115.59,112.35,114.95
05/11/2020,AAPL,117.95,119.62,116.8686,119.03
06/11/2020,AAPL,118.32,119.2,116.13,118.69
09/11/2020,AAPL,120.5,121.99,116.05,116.32
10/11/2020,AAPL,115.55,117.59,114.13,115.97
11/11/2020,AAPL,117.19,119.63,116.44,119.49
12/11/2020,AAPL,119.62,120.53,118.57,119.21
13/11/2020,AAPL,119.44,119.6717,117.87,119.26
16/11/2020,AAPL,118.92,120.99,118.146,120.3
17/11/2020,AAPL,119.55,120.6741,118.96,119.39
18/11/2020,AAPL,118.61,119.82,118,118.03
19/11/2020,AAPL,117.59,119.06,116.81,118.64
20/11/2020,AAPL,118.64,118.77,117.29,117.34
23/11/2020,AAPL,117.18,117.6202,113.75,113.85
24/11/2020,AAPL,113.91,115.85,112.59,115.17
25/11/2020,AAPL,115.55,116.75,115.17,116.03
27/11/2020,AAPL,116.57,117.49,116.22,116.59
30/11/2020,AAPL,116.97,120.97,116.81,119.05
01/12/2020,AAPL,121.01,123.4693,120.01,122.72
02/12/2020,AAPL,122.02,123.37,120.89,123.08
03/12/2020,AAPL,123.52,123.78,122.21,122.94
04/12/2020,AAPL,122.6,122.8608,121.52,122.25
07/12/2020,AAPL,122.31,124.57,122.25,123.75
08/12/2020,AAPL,124.37,124.98,123.09,124.38
09/12/2020,AAPL,124.53,125.95,121,121.78
10/12/2020,AAPL,120.5,123.87,120.15,123.24
11/12/2020,AAPL,122.43,122.76,120.55,122.41
14/12/2020,AAPL,122.6,123.35,121.54,121.78
15/12/2020,AAPL,124.34,127.9,124.13,127.88
16/12/2020,AAPL,127.41,128.37,126.56,127.81
17/12/2020,AAPL,128.9,129.58,128.045,128.7
18/12/2020,AAPL,128.96,129.1,126.12,126.655
21/12/2020,AAPL,125.02,128.31,123.449,128.23
22/12/2020,AAPL,131.61,134.405,129.65,131.88
23/12/2020,AAPL,132.16,132.43,130.78,130.96
24/12/2020,AAPL,131.32,133.46,131.1,131.97
28/12/2020,AAPL,133.99,137.34,133.51,136.69
29/12/2020,AAPL,138.05,138.789,134.3409,134.87
30/12/2020,AAPL,135.58,135.99,133.4,133.72
31/12/2020,AAPL,134.08,134.74,131.72,132.69
04/01/2021,AAPL,133.52,133.6116,126.76,129.41
05/01/2021,AAPL,128.89,131.74,128.43,131.01
06/01/2021,AAPL,127.72,131.0499,126.382,126.6
07/01/2021,AAPL,128.36,131.63,127.86,130.92
08/01/2021,AAPL,132.43,132.63,130.23,132.05
11/01/2021,AAPL,129.19,130.17,128.5,128.98
12/01/2021,AAPL,128.5,129.69,126.86,128.8
13/01/2021,AAPL,128.76,131.45,128.49,130.89
14/01/2021,AAPL,130.8,131,128.76,128.91
15/01/2021,AAPL,128.78,130.2242,127,127.14
19/01/2021,AAPL,127.78,128.71,126.938,127.83
20/01/2021,AAPL,128.66,132.49,128.55,132.03
21/01/2021,AAPL,133.8,139.67,133.59,136.87
22/01/2021,AAPL,136.28,139.85,135.02,139.07
25/01/2021,AAPL,143.07,145.09,136.54,142.92
26/01/2021,AAPL,143.6,144.3,141.37,143.16
27/01/2021,AAPL,143.43,144.3,140.41,142.06
28/01/2021,AAPL,139.52,141.99,136.7,137.09
29/01/2021,AAPL,135.83,136.74,130.21,131.96
01/02/2021,AAPL,133.75,135.38,130.93,134.14
02/02/2021,AAPL,135.73,136.31,134.61,134.99
03/02/2021,AAPL,135.76,135.77,133.61,133.94
04/02/2021,AAPL,136.3,137.4,134.59,137.39
05/02/2021,AAPL,137.35,137.42,135.86,136.76
08/02/2021,AAPL,136.03,136.96,134.92,136.91
09/02/2021,AAPL,136.62,137.877,135.85,136.01
10/02/2021,AAPL,136.48,136.99,134.4,135.39
11/02/2021,AAPL,135.9,136.39,133.77,135.13
12/02/2021,AAPL,134.35,135.53,133.6921,135.37
16/02/2021,AAPL,135.49,136.01,132.79,133.19
17/02/2021,AAPL,131.25,132.22,129.47,130.84
18/02/2021,AAPL,129.2,129.995,127.41,129.71
19/02/2021,AAPL,130.24,130.71,128.8,129.87
22/02/2021,AAPL,128.01,129.72,125.6,126
23/02/2021,AAPL,123.76,126.71,118.39,125.86
24/02/2021,AAPL,124.94,125.56,122.23,125.35
25/02/2021,AAPL,124.68,126.4585,120.54,120.99
26/02/2021,AAPL,122.59,124.85,121.2,121.26
01/03/2021,AAPL,123.75,127.93,122.79,127.79
02/03/2021,AAPL,128.41,128.72,125.01,125.12
03/03/2021,AAPL,124.81,125.71,121.84,122.06
04/03/2021,AAPL,121.75,123.6,118.62,120.13
05/03/2021,AAPL,120.98,121.935,117.57,121.42
08/03/2021,AAPL,120.93,121,116.21,116.36
09/03/2021,AAPL,119.03,122.06,118.79,121.085
10/03/2021,AAPL,121.69,122.17,119.45,119.98
11/03/2021,AAPL,122.54,123.21,121.26,121.96
12/03/2021,AAPL,120.4,121.17,119.16,121.03
15/03/2021,AAPL,121.41,124,120.42,123.99
16/03/2021,AAPL,125.7,127.22,124.715,125.57
17/03/2021,AAPL,124.05,125.8599,122.336,124.76
18/03/2021,AAPL,122.88,123.18,120.32,120.53
19/03/2021,AAPL,119.9,121.43,119.675,119.99
22/03/2021,AAPL,120.33,123.87,120.26,123.39
23/03/2021,AAPL,123.33,124.24,122.14,122.54
24/03/2021,AAPL,122.82,122.9,120.065,120.09
25/03/2021,AAPL,119.54,121.66,119,120.59
26/03/2021,AAPL,120.35,121.48,118.92,121.21
29/03/2021,AAPL,121.65,122.58,120.7299,121.39
30/03/2021,AAPL,120.11,120.4031,118.86,119.9
31/03/2021,AAPL,121.65,123.52,121.15,122.15
01/04/2021,AAPL,123.66,124.18,122.49,123
05/04/2021,AAPL,123.87,126.1601,123.07,125.9
06/04/2021,AAPL,126.5,127.13,125.65,126.21
07/04/2021,AAPL,125.83,127.92,125.14,127.9
08/04/2021,AAPL,128.95,130.39,128.52,130.36
09/04/2021,AAPL,129.8,133.04,129.47,132.995
12/04/2021,AAPL,132.52,132.85,130.63,131.24
13/04/2021,AAPL,132.44,134.66,131.93,134.43
14/04/2021,AAPL,134.94,135,131.655,132.03
15/04/2021,AAPL,133.82,135,133.64,134.5
16/04/2021,AAPL,134.3,134.67,133.28,134.16
19/04/2021,AAPL,133.51,135.47,133.34,134.84
20/04/2021,AAPL,135.02,135.53,131.81,133.11
21/04/2021,AAPL,132.36,133.75,131.3001,133.5
22/04/2021,AAPL,133.04,134.15,131.41,131.94
23/04/2021,AAPL,132.16,135.12,132.16,134.32
26/04/2021,AAPL,134.83,135.06,133.56,134.72
27/04/2021,AAPL,135.01,135.41,134.11,134.39
28/04/2021,AAPL,134.31,135.02,133.08,133.58
29/04/2021,AAPL,136.47,137.07,132.45,133.48
30/04/2021,AAPL,131.78,133.56,131.065,131.46
03/05/2021,AAPL,132.04,134.07,131.83,132.54
04/05/2021,AAPL,131.19,131.4899,126.7,127.85
05/05/2021,AAPL,129.2,130.45,127.97,128.1
06/05/2021,AAPL,127.89,129.75,127.13,129.74
07/05/2021,AAPL,130.85,131.2582,129.475,130.21
10/05/2021,AAPL,129.41,129.54,126.81,126.85
11/05/2021,AAPL,123.5,126.27,122.77,125.91
12/05/2021,AAPL,123.4,124.64,122.25,122.77
13/05/2021,AAPL,124.58,126.15,124.26,124.97
14/05/2021,AAPL,126.25,127.89,125.85,127.45
17/05/2021,AAPL,126.82,126.93,125.17,126.27
18/05/2021,AAPL,126.56,126.99,124.78,124.85
19/05/2021,AAPL,123.16,124.915,122.86,124.69
20/05/2021,AAPL,125.23,127.72,125.1,127.31
21/05/2021,AAPL,127.82,128,125.21,125.43
24/05/2021,AAPL,126.01,127.94,125.94,127.1
25/05/2021,AAPL,127.82,128.32,126.32,126.9
26/05/2021,AAPL,126.955,127.39,126.42,126.85
27/05/2021,AAPL,126.44,127.64,125.08,125.28
28/05/2021,AAPL,125.57,125.8,124.55,124.61
01/06/2021,AAPL,125.08,125.35,123.94,124.28
02/06/2021,AAPL,124.28,125.24,124.05,125.06
03/06/2021,AAPL,124.68,124.85,123.13,123.54
04/06/2021,AAPL,124.07,126.16,123.85,125.89
07/06/2021,AAPL,126.17,126.32,124.8321,125.9
08/06/2021,AAPL,126.6,128.46,126.2101,126.74
09/06/2021,AAPL,127.21,127.75,126.52,127.13
10/06/2021,AAPL,127.02,128.19,125.94,126.11
11/06/2021,AAPL,126.53,127.44,126.1,127.35
14/06/2021,AAPL,127.82,130.54,127.07,130.48
15/06/2021,AAPL,129.94,130.6,129.39,129.64
16/06/2021,AAPL,130.37,130.89,128.461,130.15
17/06/2021,AAPL,129.8,132.55,129.65,131.79
18/06/2021,AAPL,130.71,131.51,130.24,130.46
21/06/2021,AAPL,130.3,132.41,129.21,132.3
22/06/2021,AAPL,132.13,134.08,131.62,133.98
23/06/2021,AAPL,133.77,134.32,133.23,133.7
24/06/2021,AAPL,134.45,134.64,132.93,133.41
25/06/2021,AAPL,133.46,133.89,132.81,133.11
28/06/2021,AAPL,133.41,135.245,133.35,134.78
29/06/2021,AAPL,134.8,136.49,134.35,136.33
30/06/2021,AAPL,136.17,137.41,135.87,136.96
01/07/2021,AAPL,136.6,137.33,135.76,137.27
02/07/2021,AAPL,137.9,140,137.745,139.96
06/07/2021,AAPL,140.07,143.15,140.07,142.02
07/07/2021,AAPL,143.535,144.89,142.66,144.57
08/07/2021,AAPL,141.58,144.06,140.665,143.24
09/07/2021,AAPL,142.75,145.65,142.6522,145.11
12/07/2021,AAPL,146.21,146.32,144,144.5
13/07/2021,AAPL,144.03,147.46,143.63,145.64
14/07/2021,AAPL,148.1,149.57,147.68,149.15
15/07/2021,AAPL,149.24,150,147.09,148.48
16/07/2021,AAPL,148.46,149.76,145.88,146.39
19/07/2021,AAPL,143.75,144.07,141.67,142.45
20/07/2021,AAPL,143.46,147.0997,142.96,146.15
21/07/2021,AAPL,145.53,146.13,144.63,145.4
22/07/2021,AAPL,145.935,148.195,145.81,146.8
23/07/2021,AAPL,147.55,148.7177,146.92,148.56
26/07/2021,AAPL,148.27,149.83,147.7,148.99
27/07/2021,AAPL,149.12,149.21,145.55,146.77
28/07/2021,AAPL,144.81,146.97,142.54,144.98
29/07/2021,AAPL,144.685,146.55,144.58,145.64
30/07/2021,AAPL,144.38,146.33,144.11,145.86
02/08/2021,AAPL,146.36,146.95,145.25,145.52
03/08/2021,AAPL,145.81,148.045,145.18,147.36
04/08/2021,AAPL,147.27,147.79,146.28,146.95
05/08/2021,AAPL,146.98,147.84,146.17,147.06
06/08/2021,AAPL,146.35,147.11,145.63,146.14
09/08/2021,AAPL,146.2,146.7,145.52,146.09
10/08/2021,AAPL,146.44,147.71,145.3,145.6
11/08/2021,AAPL,146.05,146.72,145.53,145.86
12/08/2021,AAPL,146.19,149.05,145.84,148.89
13/08/2021,AAPL,148.97,149.4444,148.27,149.1
16/08/2021,AAPL,148.535,151.19,146.47,151.12
17/08/2021,AAPL,150.23,151.68,149.09,150.19
18/08/2021,AAPL,149.8,150.72,146.15,146.36
19/08/2021,AAPL,145.03,148,144.5,146.7
20/08/2021,AAPL,147.44,148.5,146.78,148.19
23/08/2021,AAPL,148.31,150.19,147.89,149.71
24/08/2021,AAPL,149.45,150.86,149.15,149.62
25/08/2021,AAPL,149.81,150.32,147.8,148.36
26/08/2021,AAPL,148.35,149.12,147.51,147.54
27/08/2021,AAPL,147.48,148.75,146.83,148.6
30/08/2021,AAPL,149,153.49,148.61,153.12
31/08/2021,AAPL,152.66,152.8,151.29,151.83
01/09/2021,AAPL,152.83,154.98,152.34,152.51
02/09/2021,AAPL,153.87,154.72,152.4,153.65
03/09/2021,AAPL,153.76,154.63,153.09,154.3
07/09/2021,AAPL,154.97,157.26,154.39,156.69
08/09/2021,AAPL,156.98,157.04,153.975,155.11
09/09/2021,AAPL,155.49,156.11,153.95,154.07
10/09/2021,AAPL,155,155.48,148.7,148.97
13/09/2021,AAPL,150.63,151.42,148.75,149.55
14/09/2021,AAPL,150.35,151.07,146.91,148.12
15/09/2021,AAPL,148.56,149.44,146.37,149.03
16/09/2021,AAPL,148.44,148.97,147.221,148.79
17/09/2021,AAPL,148.82,148.82,145.76,146.06
20/09/2021,AAPL,143.8,144.84,141.27,142.94
21/09/2021,AAPL,143.93,144.6,142.78,143.43
22/09/2021,AAPL,144.45,146.43,143.7001,145.85
23/09/2021,AAPL,146.65,147.08,145.64,146.83
24/09/2021,AAPL,145.66,147.4701,145.56,146.92
27/09/2021,AAPL,145.47,145.96,143.82,145.37
28/09/2021,AAPL,143.25,144.75,141.69,141.91
29/09/2021,AAPL,142.47,144.45,142.03,142.83
30/09/2021,AAPL,143.66,144.378,141.28,141.5
01/10/2021,AAPL,141.9,142.92,139.1101,142.65
04/10/2021,AAPL,141.76,142.21,138.27,139.14
05/10/2021,AAPL,139.49,142.24,139.36,141.11
06/10/2021,AAPL,139.47,142.15,138.37,142
07/10/2021,AAPL,143.06,144.215,142.72,143.29
08/10/2021,AAPL,144.03,144.1781,142.56,142.9
11/10/2021,AAPL,142.27,144.81,141.81,142.81
12/10/2021,AAPL,143.23,143.25,141.0401,141.51
13/10/2021,AAPL,141.235,141.4,139.2,140.91
14/10/2021,AAPL,142.11,143.88,141.51,143.76
15/10/2021,AAPL,143.77,144.895,143.51,144.84
18/10/2021,AAPL,143.445,146.84,143.16,146.55
19/10/2021,AAPL,147.01,149.17,146.55,148.76
20/10/2021,AAPL,148.7,149.7539,148.12,149.26
21/10/2021,AAPL,148.81,149.64,147.87,149.48
22/10/2021,AAPL,149.69,150.18,148.64,148.69
25/10/2021,AAPL,148.68,149.37,147.6211,148.64
26/10/2021,AAPL,149.33,150.84,149.0101,149.32
27/10/2021,AAPL,149.36,149.73,148.49,148.85
28/10/2021,AAPL,149.82,153.165,149.72,152.57
29/10/2021,AAPL,147.215,149.94,146.4128,149.8
01/11/2021,AAPL,148.985,149.7,147.8,148.96
02/11/2021,AAPL,148.66,151.57,148.65,150.02
03/11/2021,AAPL,150.39,151.97,149.82,151.49
04/11/2021,AAPL,151.58,152.43,150.64,150.96
05/11/2021,AAPL,151.89,152.2,150.06,151.28
08/11/2021,AAPL,151.41,151.57,150.16,150.44
09/11/2021,AAPL,150.2,151.428,150.0601,150.81
10/11/2021,AAPL,150.02,150.13,147.85,147.92
11/11/2021,AAPL,148.96,149.43,147.681,147.87
12/11/2021,AAPL,148.43,150.4,147.48,149.99
15/11/2021,AAPL,150.37,151.88,149.43,150
16/11/2021,AAPL,149.94,151.488,149.34,151
17/11/2021,AAPL,150.995,155,150.99,153.49
18/11/2021,AAPL,153.71,158.67,153.05,157.87
19/11/2021,AAPL,157.65,161.02,156.5328,160.55
22/11/2021,AAPL,161.68,165.7,161,161.02
23/11/2021,AAPL,161.12,161.8,159.0601,161.41
24/11/2021,AAPL,160.75,162.14,159.64,161.94
26/11/2021,AAPL,159.565,160.45,156.36,156.81
29/11/2021,AAPL,159.37,161.19,158.7901,160.24
30/11/2021,AAPL,159.985,165.52,159.92,165.3
01/12/2021,AAPL,167.48,170.3,164.53,164.77
02/12/2021,AAPL,158.735,164.2,157.8,163.76
03/12/2021,AAPL,164.02,164.96,159.72,161.84
06/12/2021,AAPL,164.29,167.8799,164.28,165.32
07/12/2021,AAPL,169.08,171.58,168.34,171.18
08/12/2021,AAPL,172.125,175.96,170.7,175.08
09/12/2021,AAPL,174.91,176.75,173.92,174.56
10/12/2021,AAPL,175.205,179.63,174.69,179.45
13/12/2021,AAPL,181.115,182.13,175.53,175.74
14/12/2021,AAPL,175.25,177.74,172.21,174.33
15/12/2021,AAPL,175.11,179.5,172.3108,179.3
16/12/2021,AAPL,179.28,181.14,170.75,172.26
17/12/2021,AAPL,169.93,173.47,169.69,171.14
20/12/2021,AAPL,168.28,170.58,167.46,169.75
21/12/2021,AAPL,171.555,173.2,169.12,172.99
22/12/2021,AAPL,173.04,175.86,172.15,175.64
23/12/2021,AAPL,175.85,176.8499,175.27,176.28
27/12/2021,AAPL,177.085,180.42,177.07,180.33
28/12/2021,AAPL,180.16,181.33,178.53,179.29
29/12/2021,AAPL,179.33,180.63,178.14,179.38
30/12/2021,AAPL,179.47,180.57,178.09,178.2
31/12/2021,AAPL,178.085,179.23,177.26,177.57
03/01/2022,AAPL,177.83,182.88,177.71,182.01
04/01/2022,AAPL,182.63,182.94,179.12,179.7
05/01/2022,AAPL,179.61,180.17,174.64,174.92
06/01/2022,AAPL,172.7,175.3,171.64,172
07/01/2022,AAPL,172.89,174.14,171.03,172.17
10/01/2022,AAPL,169.08,172.5,168.17,172.19
11/01/2022,AAPL,172.32,175.18,170.82,175.08
12/01/2022,AAPL,176.12,177.18,174.82,175.53
13/01/2022,AAPL,175.78,176.62,171.79,172.19
14/01/2022,AAPL,171.34,173.78,171.09,173.07
18/01/2022,AAPL,171.51,172.54,169.405,169.8
19/01/2022,AAPL,170,171.08,165.94,166.23
20/01/2022,AAPL,166.98,169.68,164.18,164.51
21/01/2022,AAPL,164.415,166.33,162.3,162.41
24/01/2022,AAPL,160.02,162.3,154.7,161.62
25/01/2022,AAPL,158.98,162.76,157.02,159.78
26/01/2022,AAPL,163.5,164.3894,157.82,159.69
27/01/2022,AAPL,162.45,163.84,158.28,159.22
28/01/2022,AAPL,165.71,170.35,162.8,170.33
31/01/2022,AAPL,170.16,175,169.51,174.78
01/02/2022,AAPL,174.01,174.84,172.31,174.61
02/02/2022,AAPL,174.745,175.88,173.33,175.84
03/02/2022,AAPL,174.48,176.2399,172.12,172.9
04/02/2022,AAPL,171.68,174.1,170.68,172.39
07/02/2022,AAPL,172.86,173.9458,170.95,171.66
08/02/2022,AAPL,171.73,175.35,171.43,174.83
09/02/2022,AAPL,176.05,176.65,174.9,176.28
10/02/2022,AAPL,174.14,175.48,171.55,172.12
11/02/2022,AAPL,172.33,173.08,168.04,168.64
14/02/2022,AAPL,167.37,169.58,166.56,168.88
15/02/2022,AAPL,170.97,172.95,170.25,172.79
16/02/2022,AAPL,171.85,173.34,170.05,172.55
17/02/2022,AAPL,171.03,171.91,168.47,168.88
18/02/2022,AAPL,169.82,170.5413,166.19,167.3
22/02/2022,AAPL,164.98,166.69,162.15,164.32
23/02/2022,AAPL,165.54,166.15,159.75,160.07
24/02/2022,AAPL,152.58,162.85,152,162.74
25/02/2022,AAPL,163.84,165.12,160.8738,164.85
28/02/2022,AAPL,163.06,165.42,162.43,165.12
01/03/2022,AAPL,164.695,166.6,161.97,163.2
02/03/2022,AAPL,164.39,167.36,162.95,166.56
03/03/2022,AAPL,168.47,168.91,165.55,166.23
04/03/2022,AAPL,164.49,165.55,162.1,163.17
07/03/2022,AAPL,163.36,165.02,159.04,159.3
08/03/2022,AAPL,158.82,162.88,155.8,157.44
09/03/2022,AAPL,161.475,163.41,159.41,162.95
10/03/2022,AAPL,160.2,160.39,155.98,158.52
11/03/2022,AAPL,158.93,159.28,154.5,154.73
14/03/2022,AAPL,151.45,154.12,150.1,150.62
15/03/2022,AAPL,150.9,155.57,150.38,155.09
16/03/2022,AAPL,157.05,160,154.46,159.59
17/03/2022,AAPL,158.61,161,157.63,160.62
18/03/2022,AAPL,160.51,164.48,159.76,163.98
21/03/2022,AAPL,163.51,166.35,163.015,165.38
22/03/2022,AAPL,165.51,169.42,164.91,168.82
23/03/2022,AAPL,167.99,172.64,167.65,170.21
24/03/2022,AAPL,171.06,174.14,170.21,174.07
25/03/2022,AAPL,173.88,175.28,172.75,174.72
28/03/2022,AAPL,172.17,175.73,172,175.6
29/03/2022,AAPL,176.69,179.01,176.34,178.96
30/03/2022,AAPL,178.55,179.61,176.7,177.77
31/03/2022,AAPL,177.84,178.03,174.4,174.61
01/04/2022,AAPL,174.03,174.88,171.94,174.31
04/04/2022,AAPL,174.57,178.49,174.44,178.44
05/04/2022,AAPL,177.5,178.3,174.415,175.06
06/04/2022,AAPL,172.36,173.63,170.13,171.83
07/04/2022,AAPL,171.16,173.36,169.85,172.14
08/04/2022,AAPL,171.78,171.78,169.2,170.09
11/04/2022,AAPL,168.71,169.03,165.5,165.75
12/04/2022,AAPL,168.02,169.87,166.64,167.66
13/04/2022,AAPL,167.39,171.04,166.77,170.4
14/04/2022,AAPL,170.62,171.27,165.04,165.29
18/04/2022,AAPL,163.92,166.5984,163.57,165.07
19/04/2022,AAPL,165.02,167.82,163.91,167.4
20/04/2022,AAPL,168.76,168.88,166.1,167.23
21/04/2022,AAPL,168.91,171.53,165.91,166.42
22/04/2022,AAPL,166.46,167.8699,161.5,161.79
25/04/2022,AAPL,161.12,163.17,158.46,162.88
26/04/2022,AAPL,162.25,162.34,156.72,156.8
27/04/2022,AAPL,155.91,159.79,155.38,156.57
28/04/2022,AAPL,159.25,164.515,158.93,163.64
29/04/2022,AAPL,161.84,166.2,157.25,157.65
02/05/2022,AAPL,156.71,158.23,153.27,157.96
03/05/2022,AAPL,158.15,160.71,156.32,159.48
04/05/2022,AAPL,159.67,166.48,159.26,166.02
05/05/2022,AAPL,163.85,164.08,154.95,156.77
06/05/2022,AAPL,156.01,159.44,154.18,157.28
09/05/2022,AAPL,154.925,155.83,151.49,152.06
10/05/2022,AAPL,155.52,156.74,152.93,154.51
11/05/2022,AAPL,153.5,155.45,145.81,146.5
12/05/2022,AAPL,142.77,146.2,138.8,142.56
13/05/2022,AAPL,144.59,148.105,143.11,147.11
16/05/2022,AAPL,145.55,147.5199,144.18,145.54
17/05/2022,AAPL,148.86,149.77,146.68,149.24
18/05/2022,AAPL,146.85,147.3601,139.9,140.82
19/05/2022,AAPL,139.88,141.66,136.6,137.35
20/05/2022,AAPL,139.09,140.7,132.61,137.59
23/05/2022,AAPL,137.79,143.26,137.65,143.11
24/05/2022,AAPL,140.805,141.97,137.33,140.36
25/05/2022,AAPL,138.43,141.785,138.34,140.52
26/05/2022,AAPL,137.39,144.34,137.14,143.78
27/05/2022,AAPL,145.39,149.68,145.26,149.64
31/05/2022,AAPL,149.07,150.66,146.84,148.84
01/06/2022,AAPL,149.9,151.74,147.68,148.71
02/06/2022,AAPL,147.83,151.27,146.86,151.21
03/06/2022,AAPL,146.9,147.97,144.46,145.38
06/06/2022,AAPL,147.03,148.5689,144.9,146.14
07/06/2022,AAPL,144.345,149,144.1,148.71
08/06/2022,AAPL,148.58,149.8697,147.46,147.96
09/06/2022,AAPL,147.08,147.95,142.53,142.64
10/06/2022,AAPL,140.28,140.76,137.06,137.13
13/06/2022,AAPL,132.87,135.2,131.44,131.88
14/06/2022,AAPL,133.13,133.89,131.48,132.76
15/06/2022,AAPL,134.29,137.34,132.16,135.43
16/06/2022,AAPL,132.08,132.39,129.04,130.06
17/06/2022,AAPL,130.065,133.079,129.81,131.56
21/06/2022,AAPL,133.42,137.06,133.32,135.87
22/06/2022,AAPL,134.79,137.76,133.91,135.35
23/06/2022,AAPL,136.82,138.59,135.63,138.27
24/06/2022,AAPL,139.9,141.91,139.77,141.66
27/06/2022,AAPL,142.695,143.49,140.965,141.66
28/06/2022,AAPL,142.13,143.422,137.325,137.44
29/06/2022,AAPL,137.46,140.67,136.67,139.23
30/06/2022,AAPL,137.25,138.37,133.7737,136.72
01/07/2022,AAPL,136.04,139.04,135.66,138.93
05/07/2022,AAPL,137.77,141.61,136.93,141.56
06/07/2022,AAPL,141.355,144.12,141.08,142.92
07/07/2022,AAPL,143.29,146.55,143.28,146.35
08/07/2022,AAPL,145.265,147.55,145,147.04
11/07/2022,AAPL,145.67,146.64,143.78,144.87
12/07/2022,AAPL,145.76,148.45,145.05,145.86
13/07/2022,AAPL,142.99,146.45,142.1201,145.49
14/07/2022,AAPL,144.08,148.95,143.25,148.47
15/07/2022,AAPL,149.78,150.86,148.2,150.17
18/07/2022,AAPL,150.74,151.57,146.7,147.07
19/07/2022,AAPL,147.92,151.23,146.91,151
20/07/2022,AAPL,151.12,153.72,150.37,153.04
21/07/2022,AAPL,154.5,155.57,151.94,155.35
22/07/2022,AAPL,155.39,156.28,153.41,154.09
25/07/2022,AAPL,154.01,155.04,152.28,152.95
26/07/2022,AAPL,152.265,153.085,150.8,151.6
27/07/2022,AAPL,152.58,157.33,152.16,156.79
28/07/2022,AAPL,156.98,157.64,154.41,157.35
29/07/2022,AAPL,161.24,163.63,159.5,162.51
01/08/2022,AAPL,161.01,163.59,160.89,161.51
02/08/2022,AAPL,160.1,162.41,159.63,160.01
03/08/2022,AAPL,160.84,166.59,160.75,166.13
04/08/2022,AAPL,166.005,167.19,164.43,165.81
05/08/2022,AAPL,163.21,165.85,163,165.35
08/08/2022,AAPL,166.37,167.81,164.2,164.87
09/08/2022,AAPL,164.02,165.82,163.25,164.92
10/08/2022,AAPL,167.68,169.34,166.9,169.24
11/08/2022,AAPL,170.06,170.99,168.19,168.49
12/08/2022,AAPL,169.82,172.17,169.4,172.1
15/08/2022,AAPL,171.52,173.39,171.345,173.19
16/08/2022,AAPL,172.78,173.71,171.6618,173.03
17/08/2022,AAPL,172.77,176.15,172.57,174.55
18/08/2022,AAPL,173.75,174.9,173.12,174.15
19/08/2022,AAPL,173.03,173.74,171.3101,171.52
22/08/2022,AAPL,169.69,169.86,167.135,167.57
23/08/2022,AAPL,167.08,168.71,166.65,167.23
24/08/2022,AAPL,167.32,168.11,166.245,167.53
25/08/2022,AAPL,168.78,170.14,168.35,170.03
26/08/2022,AAPL,170.57,171.05,163.56,163.62
29/08/2022,AAPL,161.145,162.9,159.82,161.38
30/08/2022,AAPL,162.13,162.56,157.72,158.91
31/08/2022,AAPL,160.305,160.58,157.14,157.22
01/09/2022,AAPL,156.64,158.42,154.67,157.96
02/09/2022,AAPL,159.75,160.362,154.965,155.81
06/09/2022,AAPL,156.47,157.09,153.69,154.53
07/09/2022,AAPL,154.825,156.67,153.61,155.96
08/09/2022,AAPL,154.64,156.36,152.68,154.46
09/09/2022,AAPL,155.47,157.82,154.75,157.37
12/09/2022,AAPL,159.59,164.26,159.3,163.43
13/09/2022,AAPL,159.9,160.54,153.37,153.84
14/09/2022,AAPL,154.785,157.1,153.6106,155.31
15/09/2022,AAPL,154.65,155.24,151.38,152.37
16/09/2022,AAPL,151.21,151.35,148.37,150.7
19/09/2022,AAPL,149.31,154.56,149.1,154.48
20/09/2022,AAPL,153.4,158.08,153.08,156.9
21/09/2022,AAPL,157.34,158.74,153.6,153.72
22/09/2022,AAPL,152.38,154.47,150.91,152.74
23/09/2022,AAPL,151.19,151.47,148.56,150.43
26/09/2022,AAPL,149.66,153.7701,149.64,150.77
27/09/2022,AAPL,152.74,154.72,149.945,151.76
28/09/2022,AAPL,147.64,150.6414,144.84,149.84
29/09/2022,AAPL,146.1,146.72,140.68,142.48
30/09/2022,AAPL,141.28,143.1,138,138.2
03/10/2022,AAPL,138.21,143.07,137.685,142.45
04/10/2022,AAPL,145.03,146.22,144.26,146.1
05/10/2022,AAPL,144.075,147.38,143.01,146.4
06/10/2022,AAPL,145.81,147.54,145.22,145.43
07/10/2022,AAPL,142.54,143.1,139.445,140.09
10/10/2022,AAPL,140.42,141.89,138.5729,140.42
11/10/2022,AAPL,139.9,141.35,138.22,138.98
12/10/2022,AAPL,139.13,140.36,138.16,138.34
13/10/2022,AAPL,134.99,143.59,134.37,142.99
14/10/2022,AAPL,144.31,144.52,138.19,138.38
17/10/2022,AAPL,141.065,142.9,140.27,142.41
18/10/2022,AAPL,145.49,146.7,140.61,143.75
19/10/2022,AAPL,141.69,144.9492,141.5,143.86
20/10/2022,AAPL,143.02,145.89,142.65,143.39
21/10/2022,AAPL,142.87,147.8479,142.649,147.27
24/10/2022,AAPL,147.185,150.23,146,149.45
25/10/2022,AAPL,150.09,152.49,149.36,152.34
26/10/2022,AAPL,150.96,151.99,148.04,149.35
27/10/2022,AAPL,148.07,149.046,144.13,144.8
28/10/2022,AAPL,148.2,157.5,147.82,155.74
31/10/2022,AAPL,153.155,154.24,151.92,153.34
01/11/2022,AAPL,155.08,155.45,149.13,150.65
02/11/2022,AAPL,148.945,152.17,145,145.03
03/11/2022,AAPL,142.06,142.8,138.75,138.88
04/11/2022,AAPL,142.09,142.67,134.38,138.38
07/11/2022,AAPL,137.11,139.145,135.671,138.92
08/11/2022,AAPL,140.41,141.43,137.49,139.5
09/11/2022,AAPL,138.5,138.55,134.5933,134.87
10/11/2022,AAPL,141.24,146.87,139.5,146.87
11/11/2022,AAPL,145.82,150.01,144.37,149.7
14/11/2022,AAPL,148.97,150.28,147.43,148.28
15/11/2022,AAPL,152.215,153.59,148.5613,150.04
16/11/2022,AAPL,149.13,149.87,147.29,148.79
17/11/2022,AAPL,146.43,151.48,146.15,150.72
18/11/2022,AAPL,152.305,152.7,149.97,151.29
21/11/2022,AAPL,150.16,150.37,147.715,148.01
22/11/2022,AAPL,148.13,150.42,146.925,150.18
23/11/2022,AAPL,149.45,151.83,149.34,151.07
25/11/2022,AAPL,148.305,148.88,147.12,148.11
28/11/2022,AAPL,145.14,146.64,143.38,144.22
29/11/2022,AAPL,144.29,144.81,140.355,141.17
30/11/2022,AAPL,141.395,148.72,140.55,148.03
01/12/2022,AAPL,148.21,149.13,146.61,148.31
02/12/2022,AAPL,145.96,148,145.65,147.81
05/12/2022,AAPL,147.77,150.9199,145.77,146.63
06/12/2022,AAPL,147.075,147.3,141.92,142.91
07/12/2022,AAPL,142.19,143.37,140,140.94
08/12/2022,AAPL,142.36,143.52,141.1,142.65
09/12/2022,AAPL,142.34,145.57,140.9,142.16
12/12/2022,AAPL,142.7,144.5,141.06,144.49
13/12/2022,AAPL,149.5,149.9692,144.24,145.47
14/12/2022,AAPL,145.35,146.655,141.16,143.21
15/12/2022,AAPL,141.11,141.8,136.025,136.5
16/12/2022,AAPL,136.685,137.65,133.73,134.51
19/12/2022,AAPL,135.11,135.2,131.32,132.37
20/12/2022,AAPL,131.39,133.25,129.89,132.3
21/12/2022,AAPL,132.98,136.81,132.75,135.45
22/12/2022,AAPL,134.352,134.56,130.3,132.23
23/12/2022,AAPL,130.92,132.415,129.64,131.86
27/12/2022,AAPL,131.38,131.41,128.72,130.03
28/12/2022,AAPL,129.67,131.0275,125.87,126.04
29/12/2022,AAPL,127.99,130.4814,127.73,129.61
30/12/2022,AAPL,128.41,129.95,127.43,129.93
03/01/2023,AAPL,130.28,130.9,124.17,125.07
04/01/2023,AAPL,126.89,128.6557,125.08,126.36
05/01/2023,AAPL,127.13,127.77,124.76,125.02
06/01/2023,AAPL,126.01,130.29,124.89,129.62
09/01/2023,AAPL,130.465,133.41,129.89,130.15
10/01/2023,AAPL,130.26,131.2636,128.12,130.73
11/01/2023,AAPL,131.25,133.51,130.46,133.49
12/01/2023,AAPL,133.88,134.26,131.44,133.41
13/01/2023,AAPL,132.03,134.92,131.66,134.76
17/01/2023,AAPL,134.83,137.29,134.13,135.94
18/01/2023,AAPL,136.815,138.61,135.03,135.21
19/01/2023,AAPL,134.08,136.25,133.77,135.27
20/01/2023,AAPL,135.28,138.02,134.22,137.87
23/01/2023,AAPL,138.12,143.315,137.9,141.11
24/01/2023,AAPL,140.305,143.16,140.3,142.53
25/01/2023,AAPL,140.89,142.43,138.81,141.86
26/01/2023,AAPL,143.17,144.25,141.9,143.96
27/01/2023,AAPL,143.155,147.23,143.08,145.93
30/01/2023,AAPL,144.955,145.55,142.85,143
31/01/2023,AAPL,142.7,144.34,142.28,144.29
01/02/2023,AAPL,143.97,146.61,141.32,145.43
02/02/2023,AAPL,148.9,151.18,148.17,150.82
03/02/2023,AAPL,148.03,157.38,147.83,154.5
06/02/2023,AAPL,152.575,153.1,150.78,151.73
07/02/2023,AAPL,150.64,155.23,150.64,154.65
08/02/2023,AAPL,153.88,154.58,151.168,151.92
09/02/2023,AAPL,153.775,154.33,150.42,150.87
10/02/2023,AAPL,149.46,151.3401,149.22,151.01
13/02/2023,AAPL,150.952,154.26,150.92,153.85
14/02/2023,AAPL,152.12,153.77,150.86,153.2
15/02/2023,AAPL,153.11,155.5,152.88,155.33
16/02/2023,AAPL,153.51,156.33,153.3475,153.71
17/02/2023,AAPL,152.35,153,150.85,152.55
21/02/2023,AAPL,150.2,151.3,148.405,148.48
22/02/2023,AAPL,148.87,149.95,147.16,148.91
23/02/2023,AAPL,150.09,150.34,147.24,149.4
24/02/2023,AAPL,147.11,147.19,145.7202,146.71
27/02/2023,AAPL,147.71,149.17,147.45,147.92
28/02/2023,AAPL,147.05,149.08,146.83,147.41
01/03/2023,AAPL,146.83,147.2285,145.01,145.31
02/03/2023,AAPL,144.38,146.71,143.9,145.91
03/03/2023,AAPL,148.045,151.11,147.33,151.03
06/03/2023,AAPL,153.785,156.3,153.46,153.83
07/03/2023,AAPL,153.7,154.0299,151.13,151.6
08/03/2023,AAPL,152.81,153.47,151.83,152.87
09/03/2023,AAPL,153.559,154.535,150.225,150.59
10/03/2023,AAPL,150.21,150.94,147.6096,148.5
13/03/2023,AAPL,147.805,153.14,147.7,150.47
14/03/2023,AAPL,151.28,153.4,150.1,152.59
15/03/2023,AAPL,151.19,153.245,149.92,152.99
16/03/2023,AAPL,152.16,156.46,151.64,155.85
17/03/2023,AAPL,156.08,156.74,154.28,155
20/03/2023,AAPL,155.07,157.82,154.15,157.4
21/03/2023,AAPL,157.32,159.4,156.54,159.28
22/03/2023,AAPL,159.3,162.14,157.81,157.83
23/03/2023,AAPL,158.83,161.5501,157.68,158.93
24/03/2023,AAPL,158.86,160.34,157.85,160.25
27/03/2023,AAPL,159.94,160.77,157.87,158.28
28/03/2023,AAPL,157.97,158.49,155.98,157.65
29/03/2023,AAPL,159.37,161.05,159.35,160.77
30/03/2023,AAPL,161.53,162.47,161.271,162.36
31/03/2023,AAPL,162.44,165,161.91,164.9
03/04/2023,AAPL,164.27,166.29,164.22,166.17
04/04/2023,AAPL,166.595,166.84,165.11,165.63
05/04/2023,AAPL,164.74,165.05,161.8,163.76
06/04/2023,AAPL,162.43,164.9584,162,164.66
10/04/2023,AAPL,161.42,162.03,160.08,162.03
11/04/2023,AAPL,162.35,162.36,160.51,160.8
12/04/2023,AAPL,161.22,162.06,159.78,160.1
13/04/2023,AAPL,161.63,165.8,161.42,165.56
14/04/2023,AAPL,164.59,166.32,163.82,165.21
17/04/2023,AAPL,165.09,165.39,164.03,165.23
18/04/2023,AAPL,166.1,167.41,165.65,166.47
19/04/2023,AAPL,165.8,168.16,165.54,167.63
20/04/2023,AAPL,166.09,167.87,165.56,166.65
21/04/2023,AAPL,165.05,166.4521,164.49,165.02
24/04/2023,AAPL,165,165.6,163.89,165.33
25/04/2023,AAPL,165.19,166.305,163.73,163.77
26/04/2023,AAPL,163.055,165.28,162.8,163.76
27/04/2023,AAPL,165.19,168.56,165.19,168.41
28/04/2023,AAPL,168.49,169.85,167.8801,169.68
01/05/2023,AAPL,169.28,170.45,168.64,169.59
02/05/2023,AAPL,170.09,170.35,167.54,168.54
03/05/2023,AAPL,169.5,170.92,167.16,167.45
04/05/2023,AAPL,164.89,167.04,164.31,165.79
05/05/2023,AAPL,170.975,174.3,170.76,173.57
08/05/2023,AAPL,172.48,173.85,172.11,173.5
09/05/2023,AAPL,173.05,173.54,171.6,171.77
10/05/2023,AAPL,173.02,174.03,171.9,173.555
11/05/2023,AAPL,173.85,174.59,172.17,173.75
12/05/2023,AAPL,173.62,174.06,171,172.57
15/05/2023,AAPL,173.16,173.21,171.47,172.07
16/05/2023,AAPL,171.99,173.1383,171.7991,172.07
17/05/2023,AAPL,171.71,172.925,170.4201,172.69
18/05/2023,AAPL,173,175.24,172.58,175.05
19/05/2023,AAPL,176.39,176.39,174.94,175.16
22/05/2023,AAPL,173.98,174.71,173.45,174.2
23/05/2023,AAPL,173.13,173.3794,171.275,171.56
24/05/2023,AAPL,171.09,172.4183,170.52,171.84
25/05/2023,AAPL,172.41,173.895,171.69,172.99
26/05/2023,AAPL,173.32,175.77,173.11,175.43
30/05/2023,AAPL,176.96,178.99,176.57,177.3
31/05/2023,AAPL,177.325,179.35,176.76,177.25
01/06/2023,AAPL,177.7,180.12,176.9306,180.09
02/06/2023,AAPL,181.03,181.78,179.26,180.95
05/06/2023,AAPL,182.63,184.951,178.035,179.58
06/06/2023,AAPL,179.965,180.12,177.43,179.21
07/06/2023,AAPL,178.44,181.21,177.32,177.82
08/06/2023,AAPL,177.895,180.84,177.46,180.57
09/06/2023,AAPL,181.5,182.23,180.63,180.96
12/06/2023,AAPL,181.27,183.89,180.97,183.79
13/06/2023,AAPL,182.8,184.15,182.44,183.31
14/06/2023,AAPL,183.37,184.39,182.02,183.95
15/06/2023,AAPL,183.96,186.52,183.78,186.01
16/06/2023,AAPL,186.73,186.99,184.27,184.92
20/06/2023,AAPL,184.41,186.1,184.41,185.01
21/06/2023,AAPL,184.9,185.41,182.5901,183.96
22/06/2023,AAPL,183.74,187.045,183.67,187
23/06/2023,AAPL,185.55,187.56,185.01,186.68
26/06/2023,AAPL,186.83,188.05,185.23,185.27
27/06/2023,AAPL,185.89,188.39,185.67,188.06
28/06/2023,AAPL,187.93,189.9,187.6,189.25
29/06/2023,AAPL,189.08,190.07,188.94,189.59
30/06/2023,AAPL,191.63,194.48,191.26,193.97
03/07/2023,AAPL,193.78,193.88,191.76,192.46
05/07/2023,AAPL,191.565,192.98,190.62,191.33
06/07/2023,AAPL,189.84,192.02,189.2,191.81
07/07/2023,AAPL,191.41,192.67,190.24,190.68
10/07/2023,AAPL,189.26,189.99,187.035,188.61
11/07/2023,AAPL,189.16,189.3,186.6,188.08
12/07/2023,AAPL,189.68,191.7,188.47,189.77
13/07/2023,AAPL,190.5,191.19,189.78,190.54
14/07/2023,AAPL,190.23,191.1799,189.63,190.69
17/07/2023,AAPL,191.9,194.32,191.81,193.99
18/07/2023,AAPL,193.35,194.33,192.415,193.73
19/07/2023,AAPL,193.1,198.23,192.65,195.1
20/07/2023,AAPL,195.09,196.47,192.495,193.13
21/07/2023,AAPL,194.1,194.97,191.23,191.94
24/07/2023,AAPL,193.41,194.91,192.25,192.75
25/07/2023,AAPL,193.33,194.44,192.915,193.62
26/07/2023,AAPL,193.67,195.64,193.32,194.5
27/07/2023,AAPL,196.02,197.2,192.55,193.22
28/07/2023,AAPL,194.67,196.626,194.14,195.83
31/07/2023,AAPL,196.06,196.49,195.26,196.45
01/08/2023,AAPL,196.235,196.73,195.28,195.605
02/08/2023,AAPL,195.04,195.18,191.8507,192.58
03/08/2023,AAPL,191.57,192.37,190.69,191.17
04/08/2023,AAPL,185.52,187.38,181.92,181.99
07/08/2023,AAPL,182.13,183.13,177.35,178.85
08/08/2023,AAPL,179.69,180.27,177.58,179.8
09/08/2023,AAPL,180.87,180.93,177.01,178.19
10/08/2023,AAPL,179.48,180.75,177.6,177.97
11/08/2023,AAPL,177.32,178.62,176.55,177.79
14/08/2023,AAPL,177.97,179.69,177.305,179.46
15/08/2023,AAPL,178.88,179.48,177.05,177.45
16/08/2023,AAPL,177.13,178.54,176.5,176.57
17/08/2023,AAPL,177.14,177.5054,173.48,174
18/08/2023,AAPL,172.3,175.1,171.96,174.49
21/08/2023,AAPL,175.07,176.13,173.735,175.84
22/08/2023,AAPL,177.06,177.68,176.25,177.23
23/08/2023,AAPL,178.52,181.55,178.325,181.12
24/08/2023,AAPL,180.674,181.104,176.01,176.38
25/08/2023,AAPL,177.38,179.15,175.82,178.61
28/08/2023,AAPL,180.09,180.59,178.545,180.19
29/08/2023,AAPL,179.695,184.9,179.5,184.12
30/08/2023,AAPL,184.94,187.85,184.74,187.65
31/08/2023,AAPL,187.84,189.12,187.48,187.87
01/09/2023,AAPL,189.485,189.92,188.28,189.46
05/09/2023,AAPL,188.28,189.98,187.61,189.7
06/09/2023,AAPL,188.4,188.85,181.47,182.91
07/09/2023,AAPL,175.18,178.21,173.54,177.56
08/09/2023,AAPL,178.35,180.239,177.79,178.18
11/09/2023,AAPL,180.07,180.3,177.34,179.36
12/09/2023,AAPL,179.49,180.13,174.82,176.3
13/09/2023,AAPL,176.51,177.3,173.98,174.21
14/09/2023,AAPL,174,176.1,173.58,175.74
15/09/2023,AAPL,176.48,176.495,173.82,175.01
18/09/2023,AAPL,176.48,179.38,176.17,177.97
19/09/2023,AAPL,177.52,179.63,177.13,179.07
20/09/2023,AAPL,179.26,179.695,175.4,175.49
21/09/2023,AAPL,174.55,176.3,173.86,173.93
22/09/2023,AAPL,174.67,177.079,174.05,174.79
25/09/2023,AAPL,174.2,176.97,174.15,176.08
26/09/2023,AAPL,174.82,175.2,171.66,171.96
27/09/2023,AAPL,172.62,173.04,169.05,170.43
28/09/2023,AAPL,169.34,172.03,167.62,170.69
29/09/2023,AAPL,172.02,173.07,170.341,171.21
02/10/2023,AAPL,171.22,174.3,170.93,173.75
03/10/2023,AAPL,172.255,173.63,170.82,172.4
04/10/2023,AAPL,171.09,174.21,170.97,173.66
05/10/2023,AAPL,173.79,175.45,172.68,174.91
06/10/2023,AAPL,173.8,177.99,173.18,177.49
09/10/2023,AAPL,176.81,179.05,175.8,178.99
10/10/2023,AAPL,178.1,179.72,177.95,178.39
11/10/2023,AAPL,178.2,179.85,177.6,179.8
12/10/2023,AAPL,180.07,182.34,179.04,180.71
13/10/2023,AAPL,181.42,181.93,178.14,178.85
16/10/2023,AAPL,176.75,179.075,176.51,178.72
17/10/2023,AAPL,176.645,178.42,174.8,177.15
18/10/2023,AAPL,175.58,177.575,175.11,175.84
19/10/2023,AAPL,176.04,177.84,175.19,175.46
20/10/2023,AAPL,175.31,175.42,172.64,172.88
23/10/2023,AAPL,170.91,174.01,169.93,173
24/10/2023,AAPL,173.05,173.67,171.45,173.44
25/10/2023,AAPL,171.88,173.06,170.65,171.1
26/10/2023,AAPL,170.37,171.3775,165.67,166.89
27/10/2023,AAPL,166.91,168.96,166.83,168.22
30/10/2023,AAPL,169.02,171.17,168.87,170.29
31/10/2023,AAPL,169.35,170.9,167.9,170.77
01/11/2023,AAPL,171,174.23,170.12,173.97
02/11/2023,AAPL,175.52,177.78,175.46,177.57
03/11/2023,AAPL,174.24,176.82,173.35,176.65
06/11/2023,AAPL,176.38,179.43,176.21,179.23
07/11/2023,AAPL,179.18,182.44,178.97,181.82
08/11/2023,AAPL,182.35,183.45,181.59,182.89
09/11/2023,AAPL,182.96,184.12,181.81,182.41
10/11/2023,AAPL,183.97,186.565,183.53,186.4
13/11/2023,AAPL,185.82,186.03,184.21,184.8
14/11/2023,AAPL,187.7,188.11,186.3,187.44
15/11/2023,AAPL,187.845,189.5,187.78,188.01
16/11/2023,AAPL,189.57,190.96,188.65,189.71
17/11/2023,AAPL,190.25,190.38,188.57,189.69
20/11/2023,AAPL,189.89,191.905,189.88,191.45
21/11/2023,AAPL,191.41,191.52,189.74,190.64
22/11/2023,AAPL,191.49,192.93,190.825,191.31
24/11/2023,AAPL,190.87,190.9,189.25,189.97
27/11/2023,AAPL,189.92,190.67,188.9,189.79
28/11/2023,AAPL,189.78,191.08,189.4,190.4
29/11/2023,AAPL,190.9,192.09,188.97,189.37
30/11/2023,AAPL,189.84,190.32,188.19,189.95
01/12/2023,AAPL,190.33,191.56,189.23,191.24
04/12/2023,AAPL,189.98,190.05,187.4511,189.43
05/12/2023,AAPL,190.21,194.4,190.18,193.42
06/12/2023,AAPL,194.45,194.76,192.11,192.32
07/12/2023,AAPL,193.63,195,193.59,194.27
08/12/2023,AAPL,194.2,195.99,193.67,195.71
11/12/2023,AAPL,193.11,193.49,191.42,193.18
12/12/2023,AAPL,193.08,194.72,191.721,194.71
13/12/2023,AAPL,195.09,198,194.85,197.96
14/12/2023,AAPL,198.02,199.62,196.16,198.11
15/12/2023,AAPL,197.53,198.3999,197,197.57
18/12/2023,AAPL,196.09,196.63,194.39,195.89
19/12/2023,AAPL,196.16,196.95,195.89,196.94
20/12/2023,AAPL,196.9,197.68,194.83,194.83
21/12/2023,AAPL,196.1,197.08,193.5,194.68
22/12/2023,AAPL,195.18,195.41,192.97,193.6
26/12/2023,AAPL,193.61,193.89,192.83,193.05
27/12/2023,AAPL,192.49,193.5,191.09,193.15
28/12/2023,AAPL,194.14,194.66,193.17,193.58
29/12/2023,AAPL,193.9,194.4,191.725,192.53
02/01/2024,AAPL,187.15,188.44,183.885,185.64
03/01/2024,AAPL,184.22,185.88,183.43,184.25
04/01/2024,AAPL,182.15,183.0872,180.88,181.91
05/01/2024,AAPL,181.99,182.76,180.17,181.18
08/01/2024,AAPL,182.085,185.6,181.5,185.56
09/01/2024,AAPL,183.92,185.15,182.73,185.14
10/01/2024,AAPL,184.35,186.4,183.92,186.19
11/01/2024,AAPL,186.54,187.05,183.62,185.59
12/01/2024,AAPL,186.06,186.74,185.19,185.92
16/01/2024,AAPL,182.16,184.26,180.934,183.63
17/01/2024,AAPL,181.27,182.93,180.3,182.68
18/01/2024,AAPL,186.09,189.14,185.83,188.63
19/01/2024,AAPL,189.33,191.95,188.82,191.56
22/01/2024,AAPL,192.3,195.33,192.26,193.89
23/01/2024,AAPL,195.02,195.75,193.8299,195.18
24/01/2024,AAPL,195.42,196.38,194.34,194.5
25/01/2024,AAPL,195.22,196.2675,193.1125,194.17
26/01/2024,AAPL,194.27,194.76,191.94,192.42
29/01/2024,AAPL,192.01,192.2,189.58,191.73
30/01/2024,AAPL,190.94,191.8,187.47,188.04
31/01/2024,AAPL,187.04,187.095,184.35,184.4
01/02/2024,AAPL,183.985,186.95,183.82,186.86
02/02/2024,AAPL,179.86,187.33,179.25,185.85
05/02/2024,AAPL,188.15,189.25,185.84,187.68
06/02/2024,AAPL,186.86,189.31,186.7695,189.3
07/02/2024,AAPL,190.64,191.05,188.61,189.41
08/02/2024,AAPL,189.385,189.535,187.35,188.32
09/02/2024,AAPL,188.65,189.99,188,188.85
12/02/2024,AAPL,188.415,188.67,186.79,187.15
13/02/2024,AAPL,185.77,186.21,183.5128,185.04
14/02/2024,AAPL,185.32,185.53,182.44,184.15
15/02/2024,AAPL,183.55,184.49,181.35,183.86
16/02/2024,AAPL,183.42,184.85,181.665,182.31
20/02/2024,AAPL,181.79,182.43,180,181.56
21/02/2024,AAPL,181.94,182.8888,180.66,182.32
22/02/2024,AAPL,183.48,184.955,182.46,184.37
23/02/2024,AAPL,185.01,185.04,182.23,182.52
26/02/2024,AAPL,182.24,182.76,180.65,181.16
27/02/2024,AAPL,181.1,183.9225,179.56,182.63
28/02/2024,AAPL,182.51,183.12,180.13,181.42
29/02/2024,AAPL,181.27,182.57,179.53,180.75
01/03/2024,AAPL,179.55,180.53,177.38,179.66
04/03/2024,AAPL,176.15,176.9,173.79,175.1
05/03/2024,AAPL,170.76,172.04,169.62,170.12
06/03/2024,AAPL,171.06,171.24,168.68,169.12
07/03/2024,AAPL,169.15,170.73,168.49,169
08/03/2024,AAPL,169,173.7,168.94,170.73
11/03/2024,AAPL,172.94,174.38,172.05,172.75
12/03/2024,AAPL,173.15,174.03,171.01,173.23
13/03/2024,AAPL,172.77,173.185,170.76,171.13
14/03/2024,AAPL,172.91,174.3078,172.05,173
15/03/2024,AAPL,171.17,172.62,170.285,172.62
18/03/2024,AAPL,175.57,177.71,173.52,173.72
19/03/2024,AAPL,174.34,176.605,173.03,176.08
20/03/2024,AAPL,175.72,178.67,175.09,178.67
21/03/2024,AAPL,177.05,177.49,170.84,171.37
22/03/2024,AAPL,171.76,173.05,170.06,172.28
25/03/2024,AAPL,170.565,171.94,169.45,170.85
26/03/2024,AAPL,170,171.42,169.58,169.71
27/03/2024,AAPL,170.41,173.6,170.11,173.31
28/03/2024,AAPL,171.75,172.23,170.51,171.48
01/04/2024,AAPL,171.19,171.25,169.475,170.03
02/04/2024,AAPL,169.08,169.34,168.2302,168.84
03/04/2024,AAPL,168.79,170.68,168.58,169.65
04/04/2024,AAPL,170.29,171.92,168.82,168.82
05/04/2024,AAPL,169.59,170.39,168.95,169.58
08/04/2024,AAPL,169.03,169.2,168.24,168.45
09/04/2024,AAPL,168.7,170.08,168.35,169.67
10/04/2024,AAPL,168.8,169.09,167.11,167.78
11/04/2024,AAPL,168.34,175.46,168.16,175.04
12/04/2024,AAPL,174.26,178.36,174.21,176.55
15/04/2024,AAPL,175.36,176.63,172.5,172.69
16/04/2024,AAPL,171.75,173.76,168.27,169.38
17/04/2024,AAPL,169.61,170.65,168,168
18/04/2024,AAPL,168.03,168.64,166.55,167.04
19/04/2024,AAPL,166.21,166.4,164.075,165
22/04/2024,AAPL,165.515,167.26,164.77,165.84
23/04/2024,AAPL,165.35,167.05,164.92,166.9
24/04/2024,AAPL,166.54,169.3,166.21,169.02
25/04/2024,AAPL,169.525,170.61,168.1511,169.89
26/04/2024,AAPL,169.88,171.34,169.18,169.3
29/04/2024,AAPL,173.37,176.03,173.1,173.5
30/04/2024,AAPL,173.33,174.99,170,170.33
01/05/2024,AAPL,169.58,172.705,169.11,169.3
02/05/2024,AAPL,172.51,173.415,170.89,173.03
03/05/2024,AAPL,186.645,187,182.66,183.38
06/05/2024,AAPL,182.354,184.2,180.42,181.71
07/05/2024,AAPL,183.45,184.9,181.32,182.4
08/05/2024,AAPL,182.85,183.07,181.45,182.74
09/05/2024,AAPL,182.56,184.66,182.11,184.57
10/05/2024,AAPL,184.9,185.09,182.13,183.05
13/05/2024,AAPL,185.435,187.1,184.62,186.28
14/05/2024,AAPL,187.51,188.3,186.29,187.43
15/05/2024,AAPL,187.91,190.65,187.37,189.72
16/05/2024,AAPL,190.47,191.095,189.6601,189.84
17/05/2024,AAPL,189.51,190.81,189.18,189.87
20/05/2024,AAPL,189.325,191.9199,189.01,191.04
21/05/2024,AAPL,191.09,192.73,190.9201,192.35
22/05/2024,AAPL,192.265,192.8231,190.27,190.9
23/05/2024,AAPL,190.98,191,186.625,186.88
24/05/2024,AAPL,188.82,190.58,188.0404,189.98
28/05/2024,AAPL,191.51,193,189.1,189.99
29/05/2024,AAPL,189.61,192.247,189.51,190.29
30/05/2024,AAPL,190.76,192.18,190.63,191.29
31/05/2024,AAPL,191.44,192.57,189.91,192.25
03/06/2024,AAPL,192.9,194.99,192.52,194.03
04/06/2024,AAPL,194.635,195.32,193.0342,194.35
05/06/2024,AAPL,195.4,196.9,194.87,195.87
06/06/2024,AAPL,195.685,196.5,194.17,194.48
07/06/2024,AAPL,194.65,196.94,194.14,196.89
10/06/2024,AAPL,196.9,197.3,192.15,193.12
11/06/2024,AAPL,193.65,207.16,193.63,207.15
12/06/2024,AAPL,207.37,220.2,206.9,213.07
13/06/2024,AAPL,214.74,216.75,211.6,214.24
14/06/2024,AAPL,213.85,215.17,211.3,212.49
17/06/2024,AAPL,213.37,218.95,212.72,216.67
18/06/2024,AAPL,217.59,218.63,213,214.29
20/06/2024,AAPL,213.93,214.24,208.85,209.68
21/06/2024,AAPL,210.39,211.89,207.11,207.49
24/06/2024,AAPL,207.72,212.7,206.59,208.14
25/06/2024,AAPL,209.15,211.38,208.61,209.07
26/06/2024,AAPL,211.5,214.86,210.64,213.25
27/06/2024,AAPL,214.69,215.7395,212.35,214.1
28/06/2024,AAPL,215.77,216.07,210.3,210.62
01/07/2024,AAPL,212.09,217.51,211.92,216.75
02/07/2024,AAPL,216.15,220.38,215.1,220.27
03/07/2024,AAPL,220,221.55,219.03,221.55
05/07/2024,AAPL,221.65,226.45,221.65,226.34
08/07/2024,AAPL,227.09,227.85,223.25,227.82
09/07/2024,AAPL,227.93,229.4,226.3721,228.68
10/07/2024,AAPL,229.3,233.08,229.25,232.98
11/07/2024,AAPL,231.39,232.39,225.77,227.57
12/07/2024,AAPL,228.92,232.64,228.68,230.54
15/07/2024,AAPL,236.48,237.23,233.09,234.4
16/07/2024,AAPL,235,236.27,232.33,234.82
17/07/2024,AAPL,229.45,231.4599,226.64,228.88
18/07/2024,AAPL,230.28,230.44,222.27,224.18
19/07/2024,AAPL,224.82,226.8,223.275,224.31
22/07/2024,AAPL,227.01,227.78,223.09,223.96
23/07/2024,AAPL,224.365,226.94,222.68,225.01
24/07/2024,AAPL,224,224.8,217.13,218.54
25/07/2024,AAPL,218.93,220.85,214.62,217.49
26/07/2024,AAPL,218.7,219.49,216.01,217.96
29/07/2024,AAPL,216.96,219.3,215.75,218.24
30/07/2024,AAPL,219.19,220.325,216.12,218.8
31/07/2024,AAPL,221.44,223.82,220.63,222.08
01/08/2024,AAPL,224.37,224.48,217.02,218.36
02/08/2024,AAPL,219.15,225.6,217.71,219.86
05/08/2024,AAPL,199.09,213.5,196,209.27
06/08/2024,AAPL,205.3,209.99,201.07,207.23
07/08/2024,AAPL,206.9,213.64,206.39,209.82
08/08/2024,AAPL,213.11,214.2,208.83,213.31
09/08/2024,AAPL,212.1,216.78,211.97,216.24
12/08/2024,AAPL,216.07,219.5099,215.6,217.53
13/08/2024,AAPL,219.01,221.89,219.01,221.27
14/08/2024,AAPL,220.57,223.03,219.7,221.72
15/08/2024,AAPL,224.6,225.35,222.76,224.72
16/08/2024,AAPL,223.92,226.8271,223.6501,226.05
19/08/2024,AAPL,225.72,225.99,223.04,225.89
20/08/2024,AAPL,225.77,227.17,225.45,226.51
21/08/2024,AAPL,226.52,227.98,225.05,226.4
22/08/2024,AAPL,227.79,228.34,223.9,224.53
23/08/2024,AAPL,225.659,228.22,224.33,226.84
26/08/2024,AAPL,226.76,227.28,223.8905,227.18
27/08/2024,AAPL,225.995,228.85,224.89,228.03
28/08/2024,AAPL,227.92,229.86,225.68,226.49
29/08/2024,AAPL,230.1,232.92,228.88,229.79
30/08/2024,AAPL,230.19,230.4,227.48,229
03/09/2024,AAPL,228.55,229,221.17,222.77
04/09/2024,AAPL,221.66,221.78,217.48,220.85
05/09/2024,AAPL,221.625,225.48,221.52,222.38
06/09/2024,AAPL,223.95,225.24,219.77,220.82
09/09/2024,AAPL,220.82,221.27,216.71,220.91
10/09/2024,AAPL,218.92,221.48,216.73,220.11
11/09/2024,AAPL,221.455,223.09,217.89,222.66
12/09/2024,AAPL,222.5,223.55,219.82,222.77
13/09/2024,AAPL,223.58,224.04,221.91,222.5
16/09/2024,AAPL,216.54,217.22,213.92,216.32
17/09/2024,AAPL,215.75,216.9,214.5,216.79
18/09/2024,AAPL,217.55,222.71,217.54,220.69
19/09/2024,AAPL,224.99,229.82,224.63,228.87
20/09/2024,AAPL,229.97,233.09,227.62,228.2
23/09/2024,AAPL,227.34,229.45,225.81,226.47
24/09/2024,AAPL,228.645,229.35,225.73,227.37
25/09/2024,AAPL,224.93,227.29,224.02,226.37
26/09/2024,AAPL,227.3,228.5,225.41,227.52
27/09/2024,AAPL,228.46,229.52,227.3,227.79
30/09/2024,AAPL,230.04,233,229.65,233
01/10/2024,AAPL,229.52,229.65,223.74,226.21
02/10/2024,AAPL,225.89,227.37,223.02,226.78
03/10/2024,AAPL,225.14,226.805,223.32,225.67
04/10/2024,AAPL,227.9,228,224.13,226.8
07/10/2024,AAPL,224.5,225.69,221.33,221.69
08/10/2024,AAPL,224.3,225.98,223.25,225.77
09/10/2024,AAPL,225.23,229.75,224.83,229.54
10/10/2024,AAPL,227.78,229.5,227.17,229.04
11/10/2024,AAPL,229.3,229.41,227.34,227.55
14/10/2024,AAPL,228.7,231.73,228.6,231.3
15/10/2024,AAPL,233.61,237.49,232.37,233.85
16/10/2024,AAPL,231.6,232.12,229.84,231.78
17/10/2024,AAPL,233.43,233.85,230.52,232.15
18/10/2024,AAPL,236.18,236.18,234.01,235
21/10/2024,AAPL,234.45,236.85,234.45,236.48
22/10/2024,AAPL,233.885,236.22,232.6,235.86
23/10/2024,AAPL,234.08,235.144,227.76,230.76
24/10/2024,AAPL,229.98,230.82,228.41,230.57
25/10/2024,AAPL,229.74,233.22,229.57,231.41
28/10/2024,AAPL,233.32,234.73,232.55,233.4
29/10/2024,AAPL,233.1,234.325,232.32,233.67
30/10/2024,AAPL,232.61,233.47,229.55,230.1
31/10/2024,AAPL,229.34,229.83,225.37,225.91
01/11/2024,AAPL,220.965,225.35,220.27,222.91
04/11/2024,AAPL,220.99,222.79,219.71,222.01
05/11/2024,AAPL,221.795,223.95,221.14,223.45
06/11/2024,AAPL,222.61,226.065,221.19,222.72
07/11/2024,AAPL,224.625,227.875,224.57,227.48
08/11/2024,AAPL,227.17,228.66,226.405,226.96
11/11/2024,AAPL,225,225.7,221.5,224.23
12/11/2024,AAPL,224.55,225.59,223.355,224.23
13/11/2024,AAPL,224.01,226.65,222.76,225.12
14/11/2024,AAPL,225.02,228.87,225,228.22
15/11/2024,AAPL,226.4,226.92,224.27,225
18/11/2024,AAPL,225.25,229.74,225.17,228.02
19/11/2024,AAPL,226.98,230.16,226.66,228.28
20/11/2024,AAPL,228.06,229.93,225.89,229
21/11/2024,AAPL,228.88,230.155,225.7103,228.52
22/11/2024,AAPL,228.06,230.7199,228.06,229.87
25/11/2024,AAPL,231.46,233.245,229.74,232.87
26/11/2024,AAPL,233.33,235.57,233.33,235.06
27/11/2024,AAPL,234.465,235.69,233.8101,234.93
