date,symbol,close,volume,open,high,low
2019-11-29,AAPL,66.8125,46617440,66.65,67.0,66.475
2019-12-02,AAPL,66.04,94774200,66.8175,67.0625,65.8625
2019-12-03,AAPL,64.8625,117509080,64.5775,64.8825,64.0725
2019-12-04,AAPL,65.435,67241560,65.2675,65.8275,65.17
2019-12-05,AAPL,66.395,74645360,65.9475,66.4725,65.6825
2019-12-06,AAPL,67.6775,106189960,66.87,67.75,66.825
2019-12-09,AAPL,66.73,128730600,67.5,67.7,66.2275
2019-12-10,AAPL,67.12,90529520,67.15,67.5175,66.465
2019-12-11,AAPL,67.6925,78893560,67.2025,67.775,67.125
2019-12-12,AAPL,67.865,137748160,66.945,68.14,66.8303
2019-12-13,AAPL,68.7875,133731240,67.865,68.825,67.7325
2019-12-16,AAPL,69.965,128324440,69.25,70.1975,69.245
2019-12-17,AAPL,70.1025,114303200,69.8925,70.4425,69.7
2019-12-18,AAPL,69.935,116098760,69.95,70.475,69.78
2019-12-19,AAPL,70.005,98507800,69.875,70.295,69.7375
2019-12-20,AAPL,69.86,276130960,70.5575,70.6625,69.64
2019-12-23,AAPL,71.0,98711520,70.1325,71.0625,70.0934
2019-12-24,AAPL,71.0675,48478840,71.1725,71.2225,70.7299
2019-12-26,AAPL,72.4775,93336000,71.205,72.495,71.175
2019-12-27,AAPL,72.45,146371760,72.78,73.4925,72.03
2019-12-30,AAPL,72.88,144238440,72.365,73.1725,71.305
2019-12-31,AAPL,73.4125,100990520,72.4825,73.42,72.38
2020-01-02,AAPL,75.0875,135647440,74.06,75.15,73.7975
2020-01-03,AAPL,74.3575,146535520,74.2875,75.145,74.125
2020-01-06,AAPL,74.95,118578560,73.4475,74.99,73.1875
2020-01-07,AAPL,74.5975,111510640,74.96,75.225,74.37
2020-01-08,AAPL,75.7975,132363800,74.29,76.11,74.289
2020-01-09,AAPL,77.4075,170486160,76.8088,77.6075,76.55
2020-01-10,AAPL,77.5825,140869080,77.65,78.1675,77.0625
2020-01-13,AAPL,79.24,122086880,77.91,79.2675,77.7875
2020-01-14,AAPL,78.17,162613840,79.175,79.3925,78.0425
2020-01-15,AAPL,77.835,121923520,77.9625,78.875,77.3875
2020-01-16,AAPL,78.81,108829000,78.3975,78.925,78.0225
2020-01-17,AAPL,79.6825,137816480,79.0675,79.685,78.75
2020-01-21,AAPL,79.1425,110843240,79.2975,79.755,79.0
2020-01-22,AAPL,79.425,101832480,79.645,79.9975,79.3275
2020-01-23,AAPL,79.8075,104471960,79.48,79.89,78.9125
2020-01-24,AAPL,79.5775,146537520,80.0625,80.8325,79.3797
2020-01-27,AAPL,77.2375,161940040,77.515,77.9425,76.22
2020-01-28,AAPL,79.4225,162233960,78.15,79.6,78.0475
2020-01-29,AAPL,81.085,216599720,81.1125,81.9625,80.345
2020-01-30,AAPL,80.9675,126743240,80.136,81.0225,79.6875
2020-01-31,AAPL,77.3775,199588400,80.2325,80.67,77.0725
2020-02-03,AAPL,77.165,173985600,76.075,78.3725,75.555
2020-02-04,AAPL,79.7125,136616520,78.8275,79.91,78.4086
2020-02-05,AAPL,80.3625,118826880,80.88,81.19,79.7375
2020-02-06,AAPL,81.3025,105425560,80.6425,81.305,80.0662
2020-02-07,AAPL,80.0075,117684040,80.5925,80.85,79.5
2020-02-10,AAPL,80.3875,109348880,78.545,80.3875,78.4625
2020-02-11,AAPL,79.9025,94323120,80.9,80.975,79.6775
2020-02-12,AAPL,81.8,113730280,80.3675,81.805,80.3675
2020-02-13,AAPL,81.2175,94747560,81.0475,81.555,80.8375
2020-02-14,AAPL,81.2375,80113800,81.185,81.495,80.7125
2020-02-18,AAPL,79.75,152762200,78.84,79.9375,78.6525
2020-02-19,AAPL,80.905,93983960,80.0,81.1425,80.0
2020-02-20,AAPL,80.075,100565960,80.6575,81.1625,79.5525
2020-02-21,AAPL,78.2625,129705680,79.655,80.1125,77.625
2020-02-24,AAPL,74.545,222195320,74.315,76.045,72.3075
2020-02-25,AAPL,72.02,230673440,75.2375,75.6325,71.5325
2020-02-26,AAPL,73.1625,198713720,71.6325,74.47,71.625
2020-02-27,AAPL,68.38,320605520,70.275,71.5,68.24
2020-02-28,AAPL,68.34,426884800,64.315,69.6025,64.0925
2020-03-02,AAPL,74.7025,341397360,70.57,75.36,69.43
2020-03-03,AAPL,72.33,319475400,75.9175,76.0,71.45
2020-03-04,AAPL,75.685,219178280,74.11,75.85,73.2825
2020-03-05,AAPL,73.23,187572880,73.88,74.8875,72.8525
2020-03-06,AAPL,72.2575,226177000,70.5,72.705,70.3075
2020-03-09,AAPL,66.5425,286744840,65.9375,69.5225,65.75
2020-03-10,AAPL,71.335,285290080,69.285,71.61,67.3425
2020-03-11,AAPL,68.8575,256379880,69.3475,70.305,67.965
2020-03-12,AAPL,62.0575,418474000,63.985,67.5,62.0
2020-03-13,AAPL,69.4925,370732120,66.2225,69.98,63.2375
2020-03-16,AAPL,60.5525,322423480,60.4875,64.77,60.0
2020-03-17,AAPL,63.215,324055880,61.8775,64.4025,59.6
2020-03-18,AAPL,61.6675,300233640,59.9425,62.5,59.28
2020-03-19,AAPL,61.195,271857040,61.8462,63.21,60.6525
2020-03-20,AAPL,57.31,401693200,61.795,62.9575,57.0
2020-03-23,AAPL,56.0925,336752840,57.02,57.1249,53.1525
2020-03-24,AAPL,61.72,287531080,59.09,61.9225,58.575
2020-03-25,AAPL,61.38,303602040,62.6875,64.5625,61.075
2020-03-26,AAPL,64.61,252560680,61.63,64.67,61.59
2020-03-27,AAPL,61.935,204216600,63.1875,63.9675,61.7625
2020-03-30,AAPL,63.7025,167976440,62.685,63.88,62.35
2020-03-31,AAPL,63.5725,197002000,63.9,65.6225,63.0
2020-04-01,AAPL,60.2275,176218560,61.625,62.18,59.7825
2020-04-02,AAPL,61.2325,165933960,60.085,61.2875,59.225
2020-04-03,AAPL,60.3525,129880080,60.7,61.425,59.7435
2020-04-06,AAPL,65.6175,201820280,62.725,65.7775,62.345
2020-04-07,AAPL,64.8575,202887320,67.7,67.925,64.75
2020-04-08,AAPL,66.5175,168895280,65.685,66.8425,65.3075
2020-04-09,AAPL,66.9975,162116480,67.175,67.5175,66.175
2020-04-13,AAPL,68.3125,131022920,67.0775,68.425,66.4575
2020-04-14,AAPL,71.7625,194994680,70.0,72.0625,69.5125
2020-04-15,AAPL,71.1075,131154560,70.6,71.5825,70.1575
2020-04-16,AAPL,71.6725,157125160,71.845,72.0494,70.5875
2020-04-17,AAPL,70.7,215249920,71.1725,71.7362,69.215
2020-04-20,AAPL,69.2325,130015000,69.4875,70.42,69.2125
2020-04-21,AAPL,67.0925,180991560,69.07,69.3125,66.3575
2020-04-22,AAPL,69.025,117057360,68.4025,69.475,68.05
2020-04-23,AAPL,68.7575,124814320,68.9675,70.4375,68.7175
2020-04-24,AAPL,70.7425,126508720,69.3,70.7525,69.25
2020-04-27,AAPL,70.7925,117087560,70.45,71.135,69.9875
2020-04-28,AAPL,69.645,112004760,71.27,71.4575,69.55
2020-04-29,AAPL,71.9325,137280800,71.1825,72.4175,70.9725
2020-04-30,AAPL,73.45,183063880,72.49,73.6325,72.0875
2020-05-01,AAPL,72.2675,240616720,71.5625,74.75,71.4625
2020-05-04,AAPL,73.29,133567960,72.2925,73.4225,71.5793
2020-05-05,AAPL,74.39,147751200,73.765,75.25,73.615
2020-05-06,AAPL,75.1575,142333760,75.115,75.81,74.7175
2020-05-07,AAPL,75.935,115215040,75.805,76.2925,75.4925
2020-05-08,AAPL,77.5325,134047960,76.41,77.5875,76.0725
2020-05-11,AAPL,78.7525,145946240,77.025,79.2625,76.81
2020-05-12,AAPL,77.8525,162301040,79.4575,79.922,77.7275
2020-05-13,AAPL,76.9125,200622560,78.0375,78.9875,75.8025
2020-05-14,AAPL,77.385,158929080,76.1275,77.4475,75.3825
2020-05-15,AAPL,76.9275,166348360,75.0875,76.975,75.0525
2020-05-18,AAPL,78.74,135372520,78.2925,79.125,77.581
2020-05-19,AAPL,78.285,101729560,78.7575,79.63,78.2525
2020-05-20,AAPL,79.8075,111504880,79.17,79.88,79.05
2020-05-21,AAPL,79.2125,102688840,79.665,80.2225,78.9675
2020-05-22,AAPL,79.7225,81803000,78.9425,79.8075,78.8375
2020-05-26,AAPL,79.1825,125521800,80.875,81.06,79.125
2020-05-27,AAPL,79.5275,112945080,79.035,79.6775,78.2725
2020-05-28,AAPL,79.5625,133796400,79.1925,80.86,78.9075
2020-05-29,AAPL,79.485,153598120,79.8125,80.2875,79.1175
2020-06-01,AAPL,80.4625,81018600,79.4375,80.5875,79.3025
2020-06-02,AAPL,80.835,87642800,80.1863,80.86,79.7325
2020-06-03,AAPL,81.28,104491200,81.165,81.55,80.575
2020-06-04,AAPL,80.58,87560360,81.0975,81.405,80.195
2020-06-05,AAPL,82.875,137250200,80.8375,82.9375,80.8075
2020-06-08,AAPL,83.365,95654520,82.5625,83.4,81.83
2020-06-09,AAPL,85.9975,147712360,83.035,86.4025,83.0025
2020-06-10,AAPL,88.21,166651760,86.975,88.6925,86.5225
2020-06-11,AAPL,83.975,201662440,87.3275,87.765,83.87
2020-06-12,AAPL,84.7,200146040,86.18,86.95,83.5558
2020-06-15,AAPL,85.7475,138808920,83.3125,86.42,83.145
2020-06-16,AAPL,88.02,165428720,87.865,88.3,86.18
2020-06-17,AAPL,87.8975,114406520,88.7875,88.85,87.7725
2020-06-18,AAPL,87.9325,96820400,87.8525,88.3625,87.305
2020-06-19,AAPL,87.43,264475800,88.6587,89.14,86.2875
2020-06-22,AAPL,89.7175,135445280,87.835,89.865,87.7875
2020-06-23,AAPL,91.6325,212155480,91.0,93.095,90.5675
2020-06-24,AAPL,90.015,192623400,91.25,92.1975,89.63
2020-06-25,AAPL,91.21,137522520,90.175,91.25,89.3925
2020-06-26,AAPL,88.4075,205256840,91.1025,91.33,88.255
2020-06-29,AAPL,90.445,130646080,88.3125,90.5434,87.82
2020-06-30,AAPL,91.2,140223280,90.02,91.495,90.0
2020-07-01,AAPL,91.0275,110737240,91.28,91.84,90.9775
2020-07-02,AAPL,91.0275,114041480,91.9625,92.6175,90.91
2020-07-06,AAPL,93.4625,118655640,92.5,93.945,92.4675
2020-07-07,AAPL,93.1725,112424440,93.8525,94.655,93.0575
2020-07-08,AAPL,95.3425,117091880,94.18,95.375,94.09
2020-07-09,AAPL,95.6825,125642600,96.2625,96.3175,94.6725
2020-07-10,AAPL,95.92,90257320,95.335,95.98,94.7052
2020-07-13,AAPL,95.4775,191649160,97.265,99.955,95.2575
2020-07-14,AAPL,97.0575,170989360,94.84,97.255,93.8775
2020-07-15,AAPL,97.725,153197920,98.99,99.2475,96.49
2020-07-16,AAPL,96.5225,110577680,96.5625,97.405,95.905
2020-07-17,AAPL,96.3275,92186920,96.9875,97.1475,95.84
2020-07-20,AAPL,98.3575,90317920,96.4163,98.5,96.0625
2020-07-21,AAPL,97.0,103645840,99.1725,99.25,96.7425
2020-07-22,AAPL,97.2725,89001640,96.6925,97.975,96.6025
2020-07-23,AAPL,92.845,197004440,96.9985,97.0775,92.0097
2020-07-24,AAPL,92.615,185438880,90.9875,92.97,89.145
2020-07-27,AAPL,94.81,121214200,93.71,94.905,93.48
2020-07-28,AAPL,93.2525,103625520,94.3675,94.5497,93.2475
2020-07-29,AAPL,95.04,90329240,93.75,95.23,93.7125
2020-07-30,AAPL,96.19,158130040,94.1875,96.2975,93.7675
2020-07-31,AAPL,106.26,374295480,102.8838,106.415,100.825
2020-08-03,AAPL,108.9375,308151400,108.2,111.6364,107.8925
2020-08-04,AAPL,109.665,172792360,109.1325,110.79,108.3875
2020-08-05,AAPL,110.0625,121991960,109.3775,110.3925,108.8975
2020-08-06,AAPL,113.9025,202428920,110.405,114.4125,109.7975
2020-08-07,AAPL,111.1125,198045600,113.205,113.675,110.2925
2020-08-10,AAPL,112.7275,212403440,112.6,113.775,110.0
2020-08-11,AAPL,109.375,187902360,111.9688,112.4825,109.1067
2020-08-12,AAPL,113.01,165944840,110.4975,113.275,110.2975
2020-08-13,AAPL,115.01,210082080,114.43,116.0425,113.9275
2020-08-14,AAPL,114.9075,165565200,114.8288,115.0,113.045
2020-08-17,AAPL,114.6075,119561440,116.0625,116.0875,113.9625
2020-08-18,AAPL,115.5625,105633560,114.3525,116.0,114.0075
2020-08-19,AAPL,115.7075,145538000,115.9833,117.1625,115.61
2020-08-20,AAPL,118.275,126907200,115.75,118.392,115.7334
2020-08-21,AAPL,124.37,338054640,119.2625,124.868,119.25
2020-08-24,AAPL,125.8575,345937760,128.6975,128.785,123.9363
2020-08-25,AAPL,124.825,211495800,124.6975,125.1793,123.0525
2020-08-26,AAPL,126.5225,163022280,126.1793,126.9925,125.0825
2020-08-27,AAPL,125.01,155552400,127.1425,127.485,123.8325
2020-08-28,AAPL,124.8075,187629920,126.0125,126.4425,124.5775
2020-08-31,AAPL,129.04,225702700,127.58,131.0,126.0
2020-09-01,AAPL,134.18,152470100,132.76,134.8,130.53
2020-09-02,AAPL,131.4,200119000,137.59,137.98,127.0
2020-09-03,AAPL,120.88,257599600,126.91,128.84,120.5
2020-09-04,AAPL,120.96,332607200,120.07,123.7,110.89
2020-09-08,AAPL,112.82,231366600,113.95,118.99,112.68
2020-09-09,AAPL,117.32,176940500,117.26,119.14,115.26
2020-09-10,AAPL,113.49,182274400,120.36,120.5,112.5
2020-09-11,AAPL,112.0,180860300,114.57,115.23,110.0
2020-09-14,AAPL,115.355,140150100,114.72,115.93,112.8
2020-09-15,AAPL,115.54,184642000,118.33,118.829,113.61
2020-09-16,AAPL,112.13,155026700,115.23,116.0,112.04
2020-09-17,AAPL,110.34,178011000,109.72,112.2,108.71
2020-09-18,AAPL,106.84,287104900,110.4,110.88,106.09
2020-09-21,AAPL,110.08,195713800,104.54,110.19,103.1
2020-09-22,AAPL,111.81,183055400,112.68,112.86,109.16
2020-09-23,AAPL,107.12,150718700,111.62,112.11,106.77
2020-09-24,AAPL,108.22,167743300,105.17,110.25,105.0
2020-09-25,AAPL,112.28,149981400,108.43,112.44,107.67
2020-09-28,AAPL,114.96,137672400,115.01,115.32,112.78
2020-09-29,AAPL,114.09,100060500,114.55,115.31,113.57
2020-09-30,AAPL,115.81,142675200,113.79,117.26,113.62
2020-10-01,AAPL,116.79,116120400,117.64,117.72,115.83
2020-10-02,AAPL,113.02,144712000,112.89,115.37,112.22
2020-10-05,AAPL,116.5,106243800,113.91,116.65,113.55
2020-10-06,AAPL,113.16,161498200,115.7,116.12,112.25
2020-10-07,AAPL,115.08,96848990,114.62,115.55,114.13
2020-10-08,AAPL,114.97,83477150,116.25,116.4,114.5901
2020-10-09,AAPL,116.97,100506900,115.28,117.0,114.92
2020-10-12,AAPL,124.4,240226800,120.06,125.18,119.2845
2020-10-13,AAPL,121.1,262330500,125.27,125.39,119.65
2020-10-14,AAPL,121.19,151062300,121.0,123.03,119.62
2020-10-15,AAPL,120.71,112559200,118.72,121.2,118.15
2020-10-16,AAPL,119.02,115393800,121.28,121.548,118.81
2020-10-19,AAPL,115.98,120639300,119.96,120.419,115.66
2020-10-20,AAPL,117.51,124423700,116.2,118.98,115.63
2020-10-21,AAPL,116.87,89945980,116.67,118.705,116.45
2020-10-22,AAPL,115.75,101988000,117.45,118.04,114.59
2020-10-23,AAPL,115.04,82572650,116.39,116.55,114.28
2020-10-26,AAPL,115.05,111850700,114.01,116.55,112.88
2020-10-27,AAPL,116.6,92276770,115.49,117.28,114.5399
2020-10-28,AAPL,111.2,143937800,115.05,115.43,111.1
2020-10-29,AAPL,115.32,146129200,112.37,116.93,112.2
2020-10-30,AAPL,108.86,190573500,111.06,111.99,107.72
2020-11-02,AAPL,108.77,122866900,109.11,110.68,107.32
2020-11-03,AAPL,110.44,107624400,109.66,111.49,108.73
2020-11-04,AAPL,114.95,138235500,114.14,115.59,112.35
2020-11-05,AAPL,119.03,126387100,117.95,119.62,116.8686
2020-11-06,AAPL,118.69,114457900,118.32,119.2,116.13
2020-11-09,AAPL,116.32,154515300,120.5,121.99,116.05
2020-11-10,AAPL,115.97,138023400,115.55,117.59,114.13
2020-11-11,AAPL,119.49,112295000,117.19,119.63,116.44
2020-11-12,AAPL,119.21,103350700,119.62,120.53,118.57
2020-11-13,AAPL,119.26,81688590,119.44,119.6717,117.87
2020-11-16,AAPL,120.3,91183020,118.92,120.99,118.146
2020-11-17,AAPL,119.39,74270970,119.55,120.6741,118.96
2020-11-18,AAPL,118.03,76322110,118.61,119.82,118.0
2020-11-19,AAPL,118.64,74112970,117.59,119.06,116.81
2020-11-20,AAPL,117.34,73604290,118.64,118.77,117.29
2020-11-23,AAPL,113.85,127959300,117.18,117.6202,113.75
2020-11-24,AAPL,115.17,113874200,113.91,115.85,112.59
2020-11-25,AAPL,116.03,76499230,115.55,116.75,115.17
2020-11-27,AAPL,116.59,46691330,116.57,117.49,116.22
2020-11-30,AAPL,119.05,169410200,116.97,120.97,116.81
2020-12-01,AAPL,122.72,128166800,121.01,123.4693,120.01
2020-12-02,AAPL,123.08,89004200,122.02,123.37,120.89
2020-12-03,AAPL,122.94,78967630,123.52,123.78,122.21
2020-12-04,AAPL,122.25,78260420,122.6,122.8608,121.52
2020-12-07,AAPL,123.75,86711990,122.31,124.57,122.25
2020-12-08,AAPL,124.38,82225510,124.37,124.98,123.09
2020-12-09,AAPL,121.78,115089200,124.53,125.95,121.0
2020-12-10,AAPL,123.24,81312170,120.5,123.87,120.15
2020-12-11,AAPL,122.41,86939790,122.43,122.76,120.55
2020-12-14,AAPL,121.78,79075990,122.6,123.35,121.54
2020-12-15,AAPL,127.88,157572300,124.34,127.9,124.13
2020-12-16,AAPL,127.81,98208590,127.41,128.37,126.56
2020-12-17,AAPL,128.7,94359810,128.9,129.58,128.045
2020-12-18,AAPL,126.655,192541500,128.96,129.1,126.12
2020-12-21,AAPL,128.23,121251600,125.02,128.31,123.449
2020-12-22,AAPL,131.88,169351800,131.61,134.405,129.65
2020-12-23,AAPL,130.96,88223690,132.16,132.43,130.78
2020-12-24,AAPL,131.97,54930060,131.32,133.46,131.1
2020-12-28,AAPL,136.69,124486200,133.99,137.34,133.51
2020-12-29,AAPL,134.87,121047300,138.05,138.789,134.3409
2020-12-30,AAPL,133.72,96452120,135.58,135.99,133.4
2020-12-31,AAPL,132.69,99116590,134.08,134.74,131.72
2021-01-04,AAPL,129.41,143301900,133.52,133.6116,126.76
2021-01-05,AAPL,131.01,97664900,128.89,131.74,128.43
2021-01-06,AAPL,126.6,155088000,127.72,131.0499,126.382
2021-01-07,AAPL,130.92,109578200,128.36,131.63,127.86
2021-01-08,AAPL,132.05,105158200,132.43,132.63,130.23
2021-01-11,AAPL,128.98,100620900,129.19,130.17,128.5
2021-01-12,AAPL,128.8,91951150,128.5,129.69,126.86
2021-01-13,AAPL,130.89,88636830,128.76,131.45,128.49
2021-01-14,AAPL,128.91,90221760,130.8,131.0,128.76
2021-01-15,AAPL,127.14,111598500,128.78,130.2242,127.0
2021-01-19,AAPL,127.83,90757330,127.78,128.71,126.938
2021-01-20,AAPL,132.03,104319500,128.66,132.49,128.55
2021-01-21,AAPL,136.87,120529500,133.8,139.67,133.59
2021-01-22,AAPL,139.07,114459400,136.28,139.85,135.02
2021-01-25,AAPL,142.92,157611700,143.07,145.09,136.54
2021-01-26,AAPL,143.16,98390560,143.6,144.3,141.37
2021-01-27,AAPL,142.06,140843800,143.43,144.3,140.41
2021-01-28,AAPL,137.09,142621100,139.52,141.99,136.7
2021-01-29,AAPL,131.96,177523800,135.83,136.74,130.21
2021-02-01,AAPL,134.14,106239800,133.75,135.38,130.93
2021-02-02,AAPL,134.99,83305370,135.73,136.31,134.61
2021-02-03,AAPL,133.94,89880940,135.76,135.77,133.61
2021-02-04,AAPL,137.39,84183060,136.3,137.4,134.59
2021-02-05,AAPL,136.76,75693830,137.35,137.42,135.86
2021-02-08,AAPL,136.91,71297210,136.03,136.96,134.92
2021-02-09,AAPL,136.01,76774210,136.62,137.877,135.85
2021-02-10,AAPL,135.39,73046560,136.48,136.99,134.4
2021-02-11,AAPL,135.13,64280030,135.9,136.39,133.77
2021-02-12,AAPL,135.37,60145130,134.35,135.53,133.6921
2021-02-16,AAPL,133.19,80576320,135.49,136.01,132.79
2021-02-17,AAPL,130.84,98085250,131.25,132.22,129.47
2021-02-18,AAPL,129.71,96856750,129.2,129.995,127.41
2021-02-19,AAPL,129.87,87668830,130.24,130.71,128.8
2021-02-22,AAPL,126.0,103916400,128.01,129.72,125.6
2021-02-23,AAPL,125.86,158273000,123.76,126.71,118.39
2021-02-24,AAPL,125.35,111039900,124.94,125.56,122.23
2021-02-25,AAPL,120.99,148199500,124.68,126.4585,120.54
2021-02-26,AAPL,121.26,164560400,122.59,124.85,121.2
2021-03-01,AAPL,127.79,116307900,123.75,127.93,122.79
2021-03-02,AAPL,125.12,102260900,128.41,128.72,125.01
2021-03-03,AAPL,122.06,112966300,124.81,125.71,121.84
2021-03-04,AAPL,120.13,178155000,121.75,123.6,118.62
2021-03-05,AAPL,121.42,153766600,120.98,121.935,117.57
2021-03-08,AAPL,116.36,154376600,120.93,121.0,116.21
2021-03-09,AAPL,121.085,129525800,119.03,122.06,118.79
2021-03-10,AAPL,119.98,111943300,121.69,122.17,119.45
2021-03-11,AAPL,121.96,103026500,122.54,123.21,121.26
2021-03-12,AAPL,121.03,88105050,120.4,121.17,119.16
2021-03-15,AAPL,123.99,92590560,121.41,124.0,120.42
2021-03-16,AAPL,125.57,115227900,125.7,127.22,124.715
2021-03-17,AAPL,124.76,111932600,124.05,125.8599,122.336
2021-03-18,AAPL,120.53,121469800,122.88,123.18,120.32
2021-03-19,AAPL,119.99,185549500,119.9,121.43,119.675
2021-03-22,AAPL,123.39,111912300,120.33,123.87,120.26
2021-03-23,AAPL,122.54,95467140,123.33,124.24,122.14
2021-03-24,AAPL,120.09,88530490,122.82,122.9,120.065
2021-03-25,AAPL,120.59,98844680,119.54,121.66,119.0
2021-03-26,AAPL,121.21,94071230,120.35,121.48,118.92
2021-03-29,AAPL,121.39,80819200,121.65,122.58,120.7299
2021-03-30,AAPL,119.9,85671920,120.11,120.4031,118.86
2021-03-31,AAPL,122.15,118323800,121.65,123.52,121.15
2021-04-01,AAPL,123.0,75089130,123.66,124.18,122.49
2021-04-05,AAPL,125.9,88651180,123.87,126.1601,123.07
2021-04-06,AAPL,126.21,80171250,126.5,127.13,125.65
2021-04-07,AAPL,127.9,83466720,125.83,127.92,125.14
2021-04-08,AAPL,130.36,88844590,128.95,130.39,128.52
2021-04-09,AAPL,132.995,106686700,129.8,133.04,129.47
2021-04-12,AAPL,131.24,91419980,132.52,132.85,130.63
2021-04-13,AAPL,134.43,91266550,132.44,134.66,131.93
2021-04-14,AAPL,132.03,87222780,134.94,135.0,131.655
2021-04-15,AAPL,134.5,89347100,133.82,135.0,133.64
2021-04-16,AAPL,134.16,84922390,134.3,134.67,133.28
2021-04-19,AAPL,134.84,94264220,133.51,135.47,133.34
2021-04-20,AAPL,133.11,94812350,135.02,135.53,131.81
2021-04-21,AAPL,133.5,68847140,132.36,133.75,131.3001
2021-04-22,AAPL,131.94,84566460,133.04,134.15,131.41
2021-04-23,AAPL,134.32,78756780,132.16,135.12,132.16
2021-04-26,AAPL,134.72,66905070,134.83,135.06,133.56
2021-04-27,AAPL,134.39,66015800,135.01,135.41,134.11
2021-04-28,AAPL,133.58,107760100,134.31,135.02,133.08
2021-04-29,AAPL,133.48,151101000,136.47,137.07,132.45
2021-04-30,AAPL,131.46,109839500,131.78,133.56,131.065
2021-05-03,AAPL,132.54,75135100,132.04,134.07,131.83
2021-05-04,AAPL,127.85,137564700,131.19,131.4899,126.7
2021-05-05,AAPL,128.1,84000900,129.2,130.45,127.97
2021-05-06,AAPL,129.74,78128330,127.89,129.75,127.13
2021-05-07,AAPL,130.21,78973270,130.85,131.2582,129.475
2021-05-10,AAPL,126.85,88071230,129.41,129.54,126.81
2021-05-11,AAPL,125.91,126142800,123.5,126.27,122.77
2021-05-12,AAPL,122.77,112172300,123.4,124.64,122.25
2021-05-13,AAPL,124.97,105861300,124.58,126.15,124.26
2021-05-14,AAPL,127.45,81917950,126.25,127.89,125.85
2021-05-17,AAPL,126.27,74116550,126.82,126.93,125.17
2021-05-18,AAPL,124.85,63342930,126.56,126.99,124.78
2021-05-19,AAPL,124.69,92611990,123.16,124.915,122.86
2021-05-20,AAPL,127.31,76857120,125.23,127.72,125.1
2021-05-21,AAPL,125.43,79295440,127.82,128.0,125.21
2021-05-24,AAPL,127.1,63092950,126.01,127.94,125.94
2021-05-25,AAPL,126.9,72009480,127.82,128.32,126.32
2021-05-26,AAPL,126.85,56575920,126.955,127.39,126.42
2021-05-27,AAPL,125.28,94625600,126.44,127.64,125.08
2021-05-28,AAPL,124.61,71311110,125.57,125.8,124.55
2021-06-01,AAPL,124.28,67637120,125.08,125.35,123.94
2021-06-02,AAPL,125.06,59278860,124.28,125.24,124.05
2021-06-03,AAPL,123.54,76229170,124.68,124.85,123.13
2021-06-04,AAPL,125.89,75169340,124.07,126.16,123.85
2021-06-07,AAPL,125.9,71057550,126.17,126.32,124.8321
2021-06-08,AAPL,126.74,74403770,126.6,128.46,126.2101
2021-06-09,AAPL,127.13,56877940,127.21,127.75,126.52
2021-06-10,AAPL,126.11,71186420,127.02,128.19,125.94
2021-06-11,AAPL,127.35,53522370,126.53,127.44,126.1
2021-06-14,AAPL,130.48,96906490,127.82,130.54,127.07
2021-06-15,AAPL,129.64,62746330,129.94,130.6,129.39
2021-06-16,AAPL,130.15,91815030,130.37,130.89,128.461
2021-06-17,AAPL,131.79,96721670,129.8,132.55,129.65
2021-06-18,AAPL,130.46,108953300,130.71,131.51,130.24
2021-06-21,AAPL,132.3,79663320,130.3,132.41,129.21
2021-06-22,AAPL,133.98,74783620,132.13,134.08,131.62
2021-06-23,AAPL,133.7,60214200,133.77,134.32,133.23
2021-06-24,AAPL,133.41,68711000,134.45,134.64,132.93
2021-06-25,AAPL,133.11,70783750,133.46,133.89,132.81
2021-06-28,AAPL,134.78,62111300,133.41,135.245,133.35
2021-06-29,AAPL,136.33,64556080,134.8,136.49,134.35
2021-06-30,AAPL,136.96,63261390,136.17,137.41,135.87
2021-07-01,AAPL,137.27,52485780,136.6,137.33,135.76
2021-07-02,AAPL,139.96,78945570,137.9,140.0,137.745
2021-07-06,AAPL,142.02,108181800,140.07,143.15,140.07
2021-07-07,AAPL,144.57,104911600,143.535,144.89,142.66
2021-07-08,AAPL,143.24,105575500,141.58,144.06,140.665
2021-07-09,AAPL,145.11,99890800,142.75,145.65,142.6522
2021-07-12,AAPL,144.5,76299720,146.21,146.32,144.0
2021-07-13,AAPL,145.64,100827100,144.03,147.46,143.63
2021-07-14,AAPL,149.15,127050800,148.1,149.57,147.68
2021-07-15,AAPL,148.48,106820300,149.24,150.0,147.09
2021-07-16,AAPL,146.39,93251430,148.46,149.76,145.88
2021-07-19,AAPL,142.45,121434600,143.75,144.07,141.67
2021-07-20,AAPL,146.15,96350040,143.46,147.0997,142.96
2021-07-21,AAPL,145.4,74993460,145.53,146.13,144.63
2021-07-22,AAPL,146.8,77338160,145.935,148.195,145.81
2021-07-23,AAPL,148.56,71447420,147.55,148.7177,146.92
2021-07-26,AAPL,148.99,72434090,148.27,149.83,147.7
2021-07-27,AAPL,146.77,104818600,149.12,149.21,145.55
2021-07-28,AAPL,144.98,118931200,144.81,146.97,142.54
2021-07-29,AAPL,145.64,56699480,144.685,146.55,144.58
2021-07-30,AAPL,145.86,70440630,144.38,146.33,144.11
2021-08-02,AAPL,145.52,62879960,146.36,146.95,145.25
2021-08-03,AAPL,147.36,64786620,145.81,148.045,145.18
2021-08-04,AAPL,146.95,56368270,147.27,147.79,146.28
2021-08-05,AAPL,147.06,46397670,146.98,147.84,146.17
2021-08-06,AAPL,146.14,54126810,146.35,147.11,145.63
2021-08-09,AAPL,146.09,48908690,146.2,146.7,145.52
2021-08-10,AAPL,145.6,69023080,146.44,147.71,145.3
2021-08-11,AAPL,145.86,48493460,146.05,146.72,145.53
2021-08-12,AAPL,148.89,73779110,146.19,149.05,145.84
2021-08-13,AAPL,149.1,59375010,148.97,149.4444,148.27
2021-08-16,AAPL,151.12,103558800,148.535,151.19,146.47
2021-08-17,AAPL,150.19,92229740,150.23,151.68,149.09
2021-08-18,AAPL,146.36,86325990,149.8,150.72,146.15
2021-08-19,AAPL,146.7,86960310,145.03,148.0,144.5
2021-08-20,AAPL,148.19,60549630,147.44,148.5,146.78
2021-08-23,AAPL,149.71,60131810,148.31,150.19,147.89
2021-08-24,AAPL,149.62,48606430,149.45,150.86,149.15
2021-08-25,AAPL,148.36,58991300,149.81,150.32,147.8
2021-08-26,AAPL,147.54,48597200,148.35,149.12,147.51
2021-08-27,AAPL,148.6,55802390,147.48,148.75,146.83
2021-08-30,AAPL,153.12,90956720,149.0,153.49,148.61
2021-08-31,AAPL,151.83,86453120,152.66,152.8,151.29
2021-09-01,AAPL,152.51,80313710,152.83,154.98,152.34
2021-09-02,AAPL,153.65,71171320,153.87,154.72,152.4
2021-09-03,AAPL,154.3,57866070,153.76,154.63,153.09
2021-09-07,AAPL,156.69,82278260,154.97,157.26,154.39
2021-09-08,AAPL,155.11,74420210,156.98,157.04,153.975
2021-09-09,AAPL,154.07,57305730,155.49,156.11,153.95
2021-09-10,AAPL,148.97,140893200,155.0,155.48,148.7
2021-09-13,AAPL,149.55,102404300,150.63,151.42,148.75
2021-09-14,AAPL,148.12,109296300,150.35,151.07,146.91
2021-09-15,AAPL,149.03,83281320,148.56,149.44,146.37
2021-09-16,AAPL,148.79,68034150,148.44,148.97,147.221
2021-09-17,AAPL,146.06,129868800,148.82,148.82,145.76
2021-09-20,AAPL,142.94,123478900,143.8,144.84,141.27
2021-09-21,AAPL,143.43,75833960,143.93,144.6,142.78
2021-09-22,AAPL,145.85,76404340,144.45,146.43,143.7001
2021-09-23,AAPL,146.83,64838170,146.65,147.08,145.64
2021-09-24,AAPL,146.92,53477870,145.66,147.4701,145.56
2021-09-27,AAPL,145.37,74150730,145.47,145.96,143.82
2021-09-28,AAPL,141.91,108972300,143.25,144.75,141.69
2021-09-29,AAPL,142.83,74602040,142.47,144.45,142.03
2021-09-30,AAPL,141.5,89056660,143.66,144.378,141.28
2021-10-01,AAPL,142.65,94639580,141.9,142.92,139.1101
2021-10-04,AAPL,139.14,98322010,141.76,142.21,138.27
2021-10-05,AAPL,141.11,80861060,139.49,142.24,139.36
2021-10-06,AAPL,142.0,83221120,139.47,142.15,138.37
2021-10-07,AAPL,143.29,61732660,143.06,144.215,142.72
2021-10-08,AAPL,142.9,58773160,144.03,144.1781,142.56
2021-10-11,AAPL,142.81,64452220,142.27,144.81,141.81
2021-10-12,AAPL,141.51,73035860,143.23,143.25,141.0401
2021-10-13,AAPL,140.91,78762720,141.235,141.4,139.2
2021-10-14,AAPL,143.76,69907100,142.11,143.88,141.51
2021-10-15,AAPL,144.84,67940330,143.77,144.895,143.51
2021-10-18,AAPL,146.55,85589180,143.445,146.84,143.16
2021-10-19,AAPL,148.76,76378890,147.01,149.17,146.55
2021-10-20,AAPL,149.26,58418790,148.7,149.7539,148.12
2021-10-21,AAPL,149.48,61420990,148.81,149.64,147.87
2021-10-22,AAPL,148.69,58883440,149.69,150.18,148.64
2021-10-25,AAPL,148.64,50720560,148.68,149.37,147.6211
2021-10-26,AAPL,149.32,60893400,149.33,150.84,149.0101
2021-10-27,AAPL,148.85,56094930,149.36,149.73,148.49
2021-10-28,AAPL,152.57,100077900,149.82,153.165,149.72
2021-10-29,AAPL,149.8,124953200,147.215,149.94,146.4128
2021-11-01,AAPL,148.96,74588260,148.985,149.7,147.8
2021-11-02,AAPL,150.02,69121990,148.66,151.57,148.65
2021-11-03,AAPL,151.49,54511530,150.39,151.97,149.82
2021-11-04,AAPL,150.96,60394620,151.58,152.43,150.64
2021-11-05,AAPL,151.28,65463880,151.89,152.2,150.06
2021-11-08,AAPL,150.44,55020870,151.41,151.57,150.16
2021-11-09,AAPL,150.81,56787930,150.2,151.428,150.0601
2021-11-10,AAPL,147.92,65187090,150.02,150.13,147.85
2021-11-11,AAPL,147.87,40999950,148.96,149.43,147.681
2021-11-12,AAPL,149.99,63804010,148.43,150.4,147.48
2021-11-15,AAPL,150.0,59222800,150.37,151.88,149.43
2021-11-16,AAPL,151.0,59256210,149.94,151.488,149.34
2021-11-17,AAPL,153.49,88807000,150.995,155.0,150.99
2021-11-18,AAPL,157.87,137827700,153.71,158.67,153.05
2021-11-19,AAPL,160.55,117305600,157.65,161.02,156.5328
2021-11-22,AAPL,161.02,117467900,161.68,165.7,161.0
2021-11-23,AAPL,161.41,96041900,161.12,161.8,159.0601
2021-11-24,AAPL,161.94,69463620,160.75,162.14,159.64
2021-11-26,AAPL,156.81,76959750,159.565,160.45,156.36
2021-11-29,AAPL,160.24,88748220,159.37,161.19,158.7901
2021-11-30,AAPL,165.3,174048100,159.985,165.52,159.92
2021-12-01,AAPL,164.77,152423000,167.48,170.3,164.53
2021-12-02,AAPL,163.76,136739200,158.735,164.2,157.8
2021-12-03,AAPL,161.84,118023100,164.02,164.96,159.72
2021-12-06,AAPL,165.32,107497000,164.29,167.8799,164.28
2021-12-07,AAPL,171.18,120405400,169.08,171.58,168.34
2021-12-08,AAPL,175.08,116998900,172.125,175.96,170.7
2021-12-09,AAPL,174.56,108923700,174.91,176.75,173.92
2021-12-10,AAPL,179.45,115402700,175.205,179.63,174.69
2021-12-13,AAPL,175.74,153237000,181.115,182.13,175.53
2021-12-14,AAPL,174.33,139380400,175.25,177.74,172.21
2021-12-15,AAPL,179.3,131063300,175.11,179.5,172.3108
2021-12-16,AAPL,172.26,150185800,179.28,181.14,170.75
2021-12-17,AAPL,171.14,195923400,169.93,173.47,169.69
2021-12-20,AAPL,169.75,107499100,168.28,170.58,167.46
2021-12-21,AAPL,172.99,91185910,171.555,173.2,169.12
2021-12-22,AAPL,175.64,92135300,173.04,175.86,172.15
2021-12-23,AAPL,176.28,68356570,175.85,176.8499,175.27
2021-12-27,AAPL,180.33,74919580,177.085,180.42,177.07
2021-12-28,AAPL,179.29,79144340,180.16,181.33,178.53
2021-12-29,AAPL,179.38,62348930,179.33,180.63,178.14
2021-12-30,AAPL,178.2,59773010,179.47,180.57,178.09
2021-12-31,AAPL,177.57,64062260,178.085,179.23,177.26
2022-01-03,AAPL,182.01,104701200,177.83,182.88,177.71
2022-01-04,AAPL,179.7,99310440,182.63,182.94,179.12
2022-01-05,AAPL,174.92,94537600,179.61,180.17,174.64
2022-01-06,AAPL,172.0,96903960,172.7,175.3,171.64
2022-01-07,AAPL,172.17,86709150,172.89,174.14,171.03
2022-01-10,AAPL,172.19,106765600,169.08,172.5,168.17
2022-01-11,AAPL,175.08,76138310,172.32,175.18,170.82
2022-01-12,AAPL,175.53,74805170,176.12,177.18,174.82
2022-01-13,AAPL,172.19,84505760,175.78,176.62,171.79
2022-01-14,AAPL,173.07,80440780,171.34,173.78,171.09
2022-01-18,AAPL,169.8,91168730,171.51,172.54,169.405
2022-01-19,AAPL,166.23,94814990,170.0,171.08,165.94
2022-01-20,AAPL,164.51,91420520,166.98,169.68,164.18
2022-01-21,AAPL,162.41,122848900,164.415,166.33,162.3
2022-01-24,AAPL,161.62,162706700,160.02,162.3,154.7
2022-01-25,AAPL,159.78,115798400,158.98,162.76,157.02
2022-01-26,AAPL,159.69,108275300,163.5,164.3894,157.82
2022-01-27,AAPL,159.22,121954600,162.45,163.84,158.28
2022-01-28,AAPL,170.33,179935700,165.71,170.35,162.8
2022-01-31,AAPL,174.78,115541600,170.16,175.0,169.51
2022-02-01,AAPL,174.61,86213910,174.01,174.84,172.31
2022-02-02,AAPL,175.84,84914260,174.745,175.88,173.33
2022-02-03,AAPL,172.9,89418070,174.48,176.2399,172.12
2022-02-04,AAPL,172.39,82465400,171.68,174.1,170.68
2022-02-07,AAPL,171.66,77251200,172.86,173.9458,170.95
2022-02-08,AAPL,174.83,74829220,171.73,175.35,171.43
2022-02-09,AAPL,176.28,71285040,176.05,176.65,174.9
2022-02-10,AAPL,172.12,90865900,174.14,175.48,171.55
2022-02-11,AAPL,168.64,98670690,172.33,173.08,168.04
2022-02-14,AAPL,168.88,86185530,167.37,169.58,166.56
2022-02-15,AAPL,172.79,64286320,170.97,172.95,170.25
2022-02-16,AAPL,172.55,61177400,171.85,173.34,170.05
2022-02-17,AAPL,168.88,69589340,171.03,171.91,168.47
2022-02-18,AAPL,167.3,82772670,169.82,170.5413,166.19
2022-02-22,AAPL,164.32,91162760,164.98,166.69,162.15
2022-02-23,AAPL,160.07,90009250,165.54,166.15,159.75
2022-02-24,AAPL,162.74,141147500,152.58,162.85,152.0
2022-02-25,AAPL,164.85,91974220,163.84,165.12,160.8738
2022-02-28,AAPL,165.12,95056630,163.06,165.42,162.43
2022-03-01,AAPL,163.2,83474430,164.695,166.6,161.97
2022-03-02,AAPL,166.56,79724750,164.39,167.36,162.95
2022-03-03,AAPL,166.23,76678440,168.47,168.91,165.55
2022-03-04,AAPL,163.17,83819590,164.49,165.55,162.1
2022-03-07,AAPL,159.3,96418850,163.36,165.02,159.04
2022-03-08,AAPL,157.44,131148300,158.82,162.88,155.8
2022-03-09,AAPL,162.95,91454910,161.475,163.41,159.41
2022-03-10,AAPL,158.52,105342000,160.2,160.39,155.98
2022-03-11,AAPL,154.73,96970100,158.93,159.28,154.5
2022-03-14,AAPL,150.62,108732100,151.45,154.12,150.1
2022-03-15,AAPL,155.09,92964300,150.9,155.57,150.38
2022-03-16,AAPL,159.59,102300200,157.05,160.0,154.46
2022-03-17,AAPL,160.62,75615380,158.61,161.0,157.63
2022-03-18,AAPL,163.98,123511700,160.51,164.48,159.76
2022-03-21,AAPL,165.38,95811350,163.51,166.35,163.015
2022-03-22,AAPL,168.82,81532010,165.51,169.42,164.91
2022-03-23,AAPL,170.21,98062670,167.99,172.64,167.65
2022-03-24,AAPL,174.07,90131420,171.06,174.14,170.21
2022-03-25,AAPL,174.72,80546160,173.88,175.28,172.75
2022-03-28,AAPL,175.6,90371920,172.17,175.73,172.0
2022-03-29,AAPL,178.96,100589400,176.69,179.01,176.34
2022-03-30,AAPL,177.77,92633150,178.55,179.61,176.7
2022-03-31,AAPL,174.61,103049300,177.84,178.03,174.4
2022-04-01,AAPL,174.31,78751330,174.03,174.88,171.94
2022-04-04,AAPL,178.44,76545980,174.57,178.49,174.44
2022-04-05,AAPL,175.06,73401790,177.5,178.3,174.415
2022-04-06,AAPL,171.83,89058780,172.36,173.63,170.13
2022-04-07,AAPL,172.14,77594650,171.16,173.36,169.85
2022-04-08,AAPL,170.09,76575510,171.78,171.78,169.2
2022-04-11,AAPL,165.75,72246710,168.71,169.03,165.5
2022-04-12,AAPL,167.66,79265180,168.02,169.87,166.64
2022-04-13,AAPL,170.4,70618930,167.39,171.04,166.77
2022-04-14,AAPL,165.29,75329380,170.62,171.27,165.04
2022-04-18,AAPL,165.07,69023940,163.92,166.5984,163.57
2022-04-19,AAPL,167.4,67723830,165.02,167.82,163.91
2022-04-20,AAPL,167.23,67929810,168.76,168.88,166.1
2022-04-21,AAPL,166.42,87227770,168.91,171.53,165.91
2022-04-22,AAPL,161.79,84882420,166.46,167.8699,161.5
2022-04-25,AAPL,162.88,96046380,161.12,163.17,158.46
2022-04-26,AAPL,156.8,95623240,162.25,162.34,156.72
2022-04-27,AAPL,156.57,88063190,155.91,159.79,155.38
2022-04-28,AAPL,163.64,130216800,159.25,164.515,158.93
2022-04-29,AAPL,157.65,131747600,161.84,166.2,157.25
2022-05-02,AAPL,157.96,123055300,156.71,158.23,153.27
2022-05-03,AAPL,159.48,88966530,158.15,160.71,156.32
2022-05-04,AAPL,166.02,108256500,159.67,166.48,159.26
2022-05-05,AAPL,156.77,130525300,163.85,164.08,154.95
2022-05-06,AAPL,157.28,116124600,156.01,159.44,154.18
2022-05-09,AAPL,152.06,131577900,154.925,155.83,151.49
2022-05-10,AAPL,154.51,115366700,155.52,156.74,152.93
2022-05-11,AAPL,146.5,142689800,153.5,155.45,145.81
2022-05-12,AAPL,142.56,182602000,142.77,146.2,138.8
2022-05-13,AAPL,147.11,113990900,144.59,148.105,143.11
2022-05-16,AAPL,145.54,86643780,145.55,147.5199,144.18
2022-05-17,AAPL,149.24,78336250,148.86,149.77,146.68
2022-05-18,AAPL,140.82,109742900,146.85,147.3601,139.9
2022-05-19,AAPL,137.35,136095600,139.88,141.66,136.6
2022-05-20,AAPL,137.59,137426100,139.09,140.7,132.61
2022-05-23,AAPL,143.11,117726300,137.79,143.26,137.65
2022-05-24,AAPL,140.36,104132700,140.805,141.97,137.33
2022-05-25,AAPL,140.52,92482700,138.43,141.785,138.34
2022-05-26,AAPL,143.78,90601550,137.39,144.34,137.14
2022-05-27,AAPL,149.64,90978500,145.39,149.68,145.26
2022-05-31,AAPL,148.84,103718400,149.07,150.66,146.84
2022-06-01,AAPL,148.71,74286640,149.9,151.74,147.68
2022-06-02,AAPL,151.21,72348060,147.83,151.27,146.86
2022-06-03,AAPL,145.38,88570290,146.9,147.97,144.46
2022-06-06,AAPL,146.14,71598380,147.03,148.5689,144.9
2022-06-07,AAPL,148.71,67808150,144.345,149.0,144.1
2022-06-08,AAPL,147.96,53950200,148.58,149.8697,147.46
2022-06-09,AAPL,142.64,69472980,147.08,147.95,142.53
2022-06-10,AAPL,137.13,91566640,140.28,140.76,137.06
2022-06-13,AAPL,131.88,122207100,132.87,135.2,131.44
2022-06-14,AAPL,132.76,84784330,133.13,133.89,131.48
2022-06-15,AAPL,135.43,91532970,134.29,137.34,132.16
2022-06-16,AAPL,130.06,107961500,132.08,132.39,129.04
2022-06-17,AAPL,131.56,134520300,130.065,133.079,129.81
2022-06-21,AAPL,135.87,81000490,133.42,137.06,133.32
2022-06-22,AAPL,135.35,73409230,134.79,137.76,133.91
2022-06-23,AAPL,138.27,72433770,136.82,138.59,135.63
2022-06-24,AAPL,141.66,89116840,139.9,141.91,139.77
2022-06-27,AAPL,141.66,70207910,142.695,143.49,140.965
2022-06-28,AAPL,137.44,67315330,142.13,143.422,137.325
2022-06-29,AAPL,139.23,66242410,137.46,140.67,136.67
2022-06-30,AAPL,136.72,98964470,137.25,138.37,133.7737
2022-07-01,AAPL,138.93,71051550,136.04,139.04,135.66
2022-07-05,AAPL,141.56,73429640,137.77,141.61,136.93
2022-07-06,AAPL,142.92,74064250,141.355,144.12,141.08
2022-07-07,AAPL,146.35,66253710,143.29,146.55,143.28
2022-07-08,AAPL,147.04,64547800,145.265,147.55,145.0
2022-07-11,AAPL,144.87,63305110,145.67,146.64,143.78
2022-07-12,AAPL,145.86,77588760,145.76,148.45,145.05
2022-07-13,AAPL,145.49,71185560,142.99,146.45,142.1201
2022-07-14,AAPL,148.47,78140740,144.08,148.95,143.25
2022-07-15,AAPL,150.17,76259930,149.78,150.86,148.2
2022-07-18,AAPL,147.07,81420870,150.74,151.57,146.7
2022-07-19,AAPL,151.0,82982370,147.92,151.23,146.91
2022-07-20,AAPL,153.04,64823410,151.12,153.72,150.37
2022-07-21,AAPL,155.35,65086640,154.5,155.57,151.94
2022-07-22,AAPL,154.09,66675410,155.39,156.28,153.41
2022-07-25,AAPL,152.95,53623950,154.01,155.04,152.28
2022-07-26,AAPL,151.6,55138690,152.265,153.085,150.8
2022-07-27,AAPL,156.79,78620690,152.58,157.33,152.16
2022-07-28,AAPL,157.35,81378730,156.98,157.64,154.41
2022-07-29,AAPL,162.51,101786900,161.24,163.63,159.5
2022-08-01,AAPL,161.51,67829380,161.01,163.59,160.89
2022-08-02,AAPL,160.01,59907030,160.1,162.41,159.63
2022-08-03,AAPL,166.13,82507490,160.84,166.59,160.75
2022-08-04,AAPL,165.81,55474140,166.005,167.19,164.43
2022-08-05,AAPL,165.35,56696990,163.21,165.85,163.0
2022-08-08,AAPL,164.87,60362340,166.37,167.81,164.2
2022-08-09,AAPL,164.92,63135500,164.02,165.82,163.25
2022-08-10,AAPL,169.24,70170540,167.68,169.34,166.9
2022-08-11,AAPL,168.49,57149160,170.06,170.99,168.19
2022-08-12,AAPL,172.1,68039380,169.82,172.17,169.4
2022-08-15,AAPL,173.19,54091690,171.52,173.39,171.345
2022-08-16,AAPL,173.03,56377050,172.78,173.71,171.6618
2022-08-17,AAPL,174.55,79542040,172.77,176.15,172.57
2022-08-18,AAPL,174.15,62290080,173.75,174.9,173.12
2022-08-19,AAPL,171.52,70346300,173.03,173.74,171.3101
2022-08-22,AAPL,167.57,69026810,169.69,169.86,167.135
2022-08-23,AAPL,167.23,54147080,167.08,168.71,166.65
2022-08-24,AAPL,167.53,53841520,167.32,168.11,166.245
2022-08-25,AAPL,170.03,51218210,168.78,170.14,168.35
2022-08-26,AAPL,163.62,78960980,170.57,171.05,163.56
2022-08-29,AAPL,161.38,73313950,161.145,162.9,159.82
2022-08-30,AAPL,158.91,77906200,162.13,162.56,157.72
2022-08-31,AAPL,157.22,87991090,160.305,160.58,157.14
2022-09-01,AAPL,157.96,74229900,156.64,158.42,154.67
2022-09-02,AAPL,155.81,76957770,159.75,160.362,154.965
2022-09-06,AAPL,154.53,73714840,156.47,157.09,153.69
2022-09-07,AAPL,155.96,87449570,154.825,156.67,153.61
2022-09-08,AAPL,154.46,84923850,154.64,156.36,152.68
2022-09-09,AAPL,157.37,68081010,155.47,157.82,154.75
2022-09-12,AAPL,163.43,104956000,159.59,164.26,159.3
2022-09-13,AAPL,153.84,122656600,159.9,160.54,153.37
2022-09-14,AAPL,155.31,87965410,154.785,157.1,153.6106
2022-09-15,AAPL,152.37,90481110,154.65,155.24,151.38
2022-09-16,AAPL,150.7,162278800,151.21,151.35,148.37
2022-09-19,AAPL,154.48,81474250,149.31,154.56,149.1
2022-09-20,AAPL,156.9,107689800,153.4,158.08,153.08
2022-09-21,AAPL,153.72,101696800,157.34,158.74,153.6
2022-09-22,AAPL,152.74,86652540,152.38,154.47,150.91
2022-09-23,AAPL,150.43,96029910,151.19,151.47,148.56
2022-09-26,AAPL,150.77,93339410,149.66,153.7701,149.64
2022-09-27,AAPL,151.76,84442740,152.74,154.72,149.945
2022-09-28,AAPL,149.84,146691400,147.64,150.6414,144.84
2022-09-29,AAPL,142.48,128138200,146.1,146.72,140.68
2022-09-30,AAPL,138.2,124925300,141.28,143.1,138.0
2022-10-03,AAPL,142.45,114311700,138.21,143.07,137.685
2022-10-04,AAPL,146.1,87830060,145.03,146.22,144.26
2022-10-05,AAPL,146.4,79470970,144.075,147.38,143.01
2022-10-06,AAPL,145.43,68402170,145.81,147.54,145.22
2022-10-07,AAPL,140.09,85925560,142.54,143.1,139.445
2022-10-10,AAPL,140.42,74899000,140.42,141.89,138.5729
2022-10-11,AAPL,138.98,77033670,139.9,141.35,138.22
2022-10-12,AAPL,138.34,70433740,139.13,140.36,138.16
2022-10-13,AAPL,142.99,113224000,134.99,143.59,134.37
2022-10-14,AAPL,138.38,88597970,144.31,144.52,138.19
2022-10-17,AAPL,142.41,85250940,141.065,142.9,140.27
2022-10-18,AAPL,143.75,99136610,145.49,146.7,140.61
2022-10-19,AAPL,143.86,61758340,141.69,144.9492,141.5
2022-10-20,AAPL,143.39,64521990,143.02,145.89,142.65
2022-10-21,AAPL,147.27,86548610,142.87,147.8479,142.649
2022-10-24,AAPL,149.45,75981920,147.185,150.23,146.0
2022-10-25,AAPL,152.34,74732290,150.09,152.49,149.36
2022-10-26,AAPL,149.35,88436170,150.96,151.99,148.04
2022-10-27,AAPL,144.8,109180200,148.07,149.046,144.13
2022-10-28,AAPL,155.74,164762400,148.2,157.5,147.82
2022-10-31,AAPL,153.34,97943170,153.155,154.24,151.92
2022-11-01,AAPL,150.65,80379350,155.08,155.45,149.13
2022-11-02,AAPL,145.03,93604620,148.945,152.17,145.0
2022-11-03,AAPL,138.88,97918520,142.06,142.8,138.75
2022-11-04,AAPL,138.38,140814800,142.09,142.67,134.38
2022-11-07,AAPL,138.92,83374630,137.11,139.145,135.671
2022-11-08,AAPL,139.5,89908480,140.41,141.43,137.49
2022-11-09,AAPL,134.87,74917790,138.5,138.55,134.5933
2022-11-10,AAPL,146.87,118854000,141.24,146.87,139.5
2022-11-11,AAPL,149.7,93979670,145.82,150.01,144.37
2022-11-14,AAPL,148.28,73374110,148.97,150.28,147.43
2022-11-15,AAPL,150.04,89868330,152.215,153.59,148.5613
2022-11-16,AAPL,148.79,64218270,149.13,149.87,147.29
2022-11-17,AAPL,150.72,80389400,146.43,151.48,146.15
2022-11-18,AAPL,151.29,74829570,152.305,152.7,149.97
2022-11-21,AAPL,148.01,58724070,150.16,150.37,147.715
2022-11-22,AAPL,150.18,51804130,148.13,150.42,146.925
2022-11-23,AAPL,151.07,58301400,149.45,151.83,149.34
2022-11-25,AAPL,148.11,35195860,148.305,148.88,147.12
2022-11-28,AAPL,144.22,69346520,145.14,146.64,143.38
2022-11-29,AAPL,141.17,83763800,144.29,144.81,140.355
2022-11-30,AAPL,148.03,111380900,141.395,148.72,140.55
2022-12-01,AAPL,148.31,71250420,148.21,149.13,146.61
2022-12-02,AAPL,147.81,65447450,145.96,148.0,145.65
2022-12-05,AAPL,146.63,68826440,147.77,150.9199,145.77
2022-12-06,AAPL,142.91,64727190,147.075,147.3,141.92
2022-12-07,AAPL,140.94,69721090,142.19,143.37,140.0
2022-12-08,AAPL,142.65,62128340,142.36,143.52,141.1
2022-12-09,AAPL,142.16,76097010,142.34,145.57,140.9
2022-12-12,AAPL,144.49,70462650,142.7,144.5,141.06
2022-12-13,AAPL,145.47,93886160,149.5,149.9692,144.24
2022-12-14,AAPL,143.21,82291180,145.35,146.655,141.16
2022-12-15,AAPL,136.5,98931910,141.11,141.8,136.025
2022-12-16,AAPL,134.51,160156900,136.685,137.65,133.73
2022-12-19,AAPL,132.37,79592610,135.11,135.2,131.32
2022-12-20,AAPL,132.3,77432820,131.39,133.25,129.89
2022-12-21,AAPL,135.45,85927990,132.98,136.81,132.75
2022-12-22,AAPL,132.23,77852110,134.352,134.56,130.3
2022-12-23,AAPL,131.86,63814890,130.92,132.415,129.64
2022-12-27,AAPL,130.03,69007830,131.38,131.41,128.72
2022-12-28,AAPL,126.04,85438390,129.67,131.0275,125.87
2022-12-29,AAPL,129.61,75703710,127.99,130.4814,127.73
2022-12-30,AAPL,129.93,77034210,128.41,129.95,127.43
2023-01-03,AAPL,125.07,112117500,130.28,130.9,124.17
2023-01-04,AAPL,126.36,89113630,126.89,128.6557,125.08
2023-01-05,AAPL,125.02,80962710,127.13,127.77,124.76
2023-01-06,AAPL,129.62,87754720,126.01,130.29,124.89
2023-01-09,AAPL,130.15,70790810,130.465,133.41,129.89
2023-01-10,AAPL,130.73,63896160,130.26,131.2636,128.12
2023-01-11,AAPL,133.49,69458950,131.25,133.51,130.46
2023-01-12,AAPL,133.41,71379650,133.88,134.26,131.44
2023-01-13,AAPL,134.76,57809720,132.03,134.92,131.66
2023-01-17,AAPL,135.94,63646630,134.83,137.29,134.13
2023-01-18,AAPL,135.21,69672800,136.815,138.61,135.03
2023-01-19,AAPL,135.27,58280410,134.08,136.25,133.77
2023-01-20,AAPL,137.87,80223630,135.28,138.02,134.22
2023-01-23,AAPL,141.11,81760310,138.12,143.315,137.9
2023-01-24,AAPL,142.53,66435140,140.305,143.16,140.3
2023-01-25,AAPL,141.86,65799350,140.89,142.43,138.81
2023-01-26,AAPL,143.96,54105070,143.17,144.25,141.9
2023-01-27,AAPL,145.93,70555840,143.155,147.23,143.08
2023-01-30,AAPL,143.0,64015270,144.955,145.55,142.85
2023-01-31,AAPL,144.29,65874460,142.7,144.34,142.28
2023-02-01,AAPL,145.43,77663630,143.97,146.61,141.32
2023-02-02,AAPL,150.82,118339000,148.9,151.18,148.17
2023-02-03,AAPL,154.5,154357300,148.03,157.38,147.83
2023-02-06,AAPL,151.73,69858310,152.575,153.1,150.78
2023-02-07,AAPL,154.65,83322550,150.64,155.23,150.64
2023-02-08,AAPL,151.92,64120080,153.88,154.58,151.168
2023-02-09,AAPL,150.87,56007140,153.775,154.33,150.42
2023-02-10,AAPL,151.01,57450710,149.46,151.3401,149.22
2023-02-13,AAPL,153.85,62199010,150.952,154.26,150.92
2023-02-14,AAPL,153.2,61707570,152.12,153.77,150.86
2023-02-15,AAPL,155.33,65669250,153.11,155.5,152.88
2023-02-16,AAPL,153.71,68167940,153.51,156.33,153.3475
2023-02-17,AAPL,152.55,59144120,152.35,153.0,150.85
2023-02-21,AAPL,148.48,58867230,150.2,151.3,148.405
2023-02-22,AAPL,148.91,51011310,148.87,149.95,147.16
2023-02-23,AAPL,149.4,48394250,150.09,150.34,147.24
2023-02-24,AAPL,146.71,55469610,147.11,147.19,145.7202
2023-02-27,AAPL,147.92,44998470,147.71,149.17,147.45
2023-02-28,AAPL,147.41,50547000,147.05,149.08,146.83
2023-03-01,AAPL,145.31,55478990,146.83,147.2285,145.01
2023-03-02,AAPL,145.91,52279760,144.38,146.71,143.9
2023-03-03,AAPL,151.03,70732300,148.045,151.11,147.33
2023-03-06,AAPL,153.83,87558030,153.785,156.3,153.46
2023-03-07,AAPL,151.6,56182030,153.7,154.0299,151.13
2023-03-08,AAPL,152.87,47204790,152.81,153.47,151.83
2023-03-09,AAPL,150.59,53833580,153.559,154.535,150.225
2023-03-10,AAPL,148.5,68572400,150.21,150.94,147.6096
2023-03-13,AAPL,150.47,84457120,147.805,153.14,147.7
2023-03-14,AAPL,152.59,73695890,151.28,153.4,150.1
2023-03-15,AAPL,152.99,77167870,151.19,153.245,149.92
2023-03-16,AAPL,155.85,76254420,152.16,156.46,151.64
2023-03-17,AAPL,155.0,98944630,156.08,156.74,154.28
2023-03-20,AAPL,157.4,73641420,155.07,157.82,154.15
2023-03-21,AAPL,159.28,73938290,157.32,159.4,156.54
2023-03-22,AAPL,157.83,75701810,159.3,162.14,157.81
2023-03-23,AAPL,158.93,67622060,158.83,161.5501,157.68
2023-03-24,AAPL,160.25,59256340,158.86,160.34,157.85
2023-03-27,AAPL,158.28,52390270,159.94,160.77,157.87
2023-03-28,AAPL,157.65,45992150,157.97,158.49,155.98
2023-03-29,AAPL,160.77,51305690,159.37,161.05,159.35
2023-03-30,AAPL,162.36,49501690,161.53,162.47,161.271
2023-03-31,AAPL,164.9,68749790,162.44,165.0,161.91
2023-04-03,AAPL,166.17,56976190,164.27,166.29,164.22
2023-04-04,AAPL,165.63,46278300,166.595,166.84,165.11
2023-04-05,AAPL,163.76,51511740,164.74,165.05,161.8
2023-04-06,AAPL,164.66,45390120,162.43,164.9584,162.0
2023-04-10,AAPL,162.03,47716880,161.42,162.03,160.08
2023-04-11,AAPL,160.8,47644220,162.35,162.36,160.51
2023-04-12,AAPL,160.1,50133060,161.22,162.06,159.78
2023-04-13,AAPL,165.56,68445650,161.63,165.8,161.42
2023-04-14,AAPL,165.21,49386480,164.59,166.32,163.82
2023-04-17,AAPL,165.23,41516220,165.09,165.39,164.03
2023-04-18,AAPL,166.47,49923010,166.1,167.41,165.65
2023-04-19,AAPL,167.63,47720170,165.8,168.16,165.54
2023-04-20,AAPL,166.65,52456380,166.09,167.87,165.56
2023-04-21,AAPL,165.02,58337340,165.05,166.4521,164.49
2023-04-24,AAPL,165.33,41949580,165.0,165.6,163.89
2023-04-25,AAPL,163.77,48714060,165.19,166.305,163.73
2023-04-26,AAPL,163.76,45498800,163.055,165.28,162.8
2023-04-27,AAPL,168.41,64902330,165.19,168.56,165.19
2023-04-28,AAPL,169.68,55275850,168.49,169.85,167.8801
2023-05-01,AAPL,169.59,52472940,169.28,170.45,168.64
2023-05-02,AAPL,168.54,48425700,170.09,170.35,167.54
2023-05-03,AAPL,167.45,65136020,169.5,170.92,167.16
2023-05-04,AAPL,165.79,81235430,164.89,167.04,164.31
2023-05-05,AAPL,173.57,113453200,170.975,174.3,170.76
2023-05-08,AAPL,173.5,55962790,172.48,173.85,172.11
2023-05-09,AAPL,171.77,45326870,173.05,173.54,171.6
2023-05-10,AAPL,173.555,53724500,173.02,174.03,171.9
2023-05-11,AAPL,173.75,49514680,173.85,174.59,172.17
2023-05-12,AAPL,172.57,45533140,173.62,174.06,171.0
2023-05-15,AAPL,172.07,37266660,173.16,173.21,171.47
2023-05-16,AAPL,172.07,42110290,171.99,173.1383,171.7991
2023-05-17,AAPL,172.69,57951600,171.71,172.925,170.4201
2023-05-18,AAPL,175.05,65496660,173.0,175.24,172.58
2023-05-19,AAPL,175.16,55809480,176.39,176.39,174.94
2023-05-22,AAPL,174.2,43570930,173.98,174.71,173.45
2023-05-23,AAPL,171.56,50747260,173.13,173.3794,171.275
2023-05-24,AAPL,171.84,45143490,171.09,172.4183,170.52
2023-05-25,AAPL,172.99,56058260,172.41,173.895,171.69
2023-05-26,AAPL,175.43,54834980,173.32,175.77,173.11
2023-05-30,AAPL,177.3,55964400,176.96,178.99,176.57
2023-05-31,AAPL,177.25,99625290,177.325,179.35,176.76
2023-06-01,AAPL,180.09,68901810,177.7,180.12,176.9306
2023-06-02,AAPL,180.95,61996910,181.03,181.78,179.26
2023-06-05,AAPL,179.58,121946500,182.63,184.951,178.035
2023-06-06,AAPL,179.21,64848370,179.965,180.12,177.43
2023-06-07,AAPL,177.82,61944620,178.44,181.21,177.32
2023-06-08,AAPL,180.57,50214880,177.895,180.84,177.46
2023-06-09,AAPL,180.96,48899970,181.5,182.23,180.63
2023-06-12,AAPL,183.79,54755000,181.27,183.89,180.97
2023-06-13,AAPL,183.31,54929130,182.8,184.15,182.44
2023-06-14,AAPL,183.95,57462880,183.37,184.39,182.02
2023-06-15,AAPL,186.01,65433170,183.96,186.52,183.78
2023-06-16,AAPL,184.92,101256200,186.73,186.99,184.27
2023-06-20,AAPL,185.01,49799090,184.41,186.1,184.41
2023-06-21,AAPL,183.96,49515700,184.9,185.41,182.5901
2023-06-22,AAPL,187.0,51245330,183.74,187.045,183.67
2023-06-23,AAPL,186.68,53117000,185.55,187.56,185.01
2023-06-26,AAPL,185.27,48088660,186.83,188.05,185.23
2023-06-27,AAPL,188.06,50730850,185.89,188.39,185.67
2023-06-28,AAPL,189.25,51216800,187.93,189.9,187.6
2023-06-29,AAPL,189.59,46347310,189.08,190.07,188.94
2023-06-30,AAPL,193.97,85213220,191.63,194.48,191.26
2023-07-03,AAPL,192.46,31346600,193.78,193.88,191.76
2023-07-05,AAPL,191.33,46920260,191.565,192.98,190.62
2023-07-06,AAPL,191.81,45156010,189.84,192.02,189.2
2023-07-07,AAPL,190.68,46815000,191.41,192.67,190.24
2023-07-10,AAPL,188.61,59922160,189.26,189.99,187.035
2023-07-11,AAPL,188.08,46638120,189.16,189.3,186.6
2023-07-12,AAPL,189.77,60750250,189.68,191.7,188.47
2023-07-13,AAPL,190.54,41342340,190.5,191.19,189.78
2023-07-14,AAPL,190.69,41616240,190.23,191.1799,189.63
2023-07-17,AAPL,193.99,50520160,191.9,194.32,191.81
2023-07-18,AAPL,193.73,48353770,193.35,194.33,192.415
2023-07-19,AAPL,195.1,80507320,193.1,198.23,192.65
2023-07-20,AAPL,193.13,59581200,195.09,196.47,192.495
2023-07-21,AAPL,191.94,71951680,194.1,194.97,191.23
2023-07-24,AAPL,192.75,45505100,193.41,194.91,192.25
2023-07-25,AAPL,193.62,37283200,193.33,194.44,192.915
2023-07-26,AAPL,194.5,47471870,193.67,195.64,193.32
2023-07-27,AAPL,193.22,47460180,196.02,197.2,192.55
2023-07-28,AAPL,195.83,48291440,194.67,196.626,194.14
2023-07-31,AAPL,196.45,38824110,196.06,196.49,195.26
2023-08-01,AAPL,195.605,35281430,196.235,196.73,195.28
2023-08-02,AAPL,192.58,50389330,195.04,195.18,191.8507
2023-08-03,AAPL,191.17,62243280,191.57,192.37,190.69
2023-08-04,AAPL,181.99,115956800,185.52,187.38,181.92
2023-08-07,AAPL,178.85,97576070,182.13,183.13,177.35
2023-08-08,AAPL,179.8,67823000,179.69,180.27,177.58
2023-08-09,AAPL,178.19,60378490,180.87,180.93,177.01
2023-08-10,AAPL,177.97,54686850,179.48,180.75,177.6
2023-08-11,AAPL,177.79,52036670,177.32,178.62,176.55
2023-08-14,AAPL,179.46,43675630,177.97,179.69,177.305
2023-08-15,AAPL,177.45,43622590,178.88,179.48,177.05
2023-08-16,AAPL,176.57,46964860,177.13,178.54,176.5
2023-08-17,AAPL,174.0,66062880,177.14,177.5054,173.48
2023-08-18,AAPL,174.49,61172150,172.3,175.1,171.96
2023-08-21,AAPL,175.84,46311880,175.07,176.13,173.735
2023-08-22,AAPL,177.23,42084250,177.06,177.68,176.25
2023-08-23,AAPL,181.12,52722750,178.52,181.55,178.325
2023-08-24,AAPL,176.38,54945800,180.674,181.104,176.01
2023-08-25,AAPL,178.61,51449590,177.38,179.15,175.82
2023-08-28,AAPL,180.19,43820700,180.09,180.59,178.545
2023-08-29,AAPL,184.12,53003950,179.695,184.9,179.5
2023-08-30,AAPL,187.65,60813890,184.94,187.85,184.74
2023-08-31,AAPL,187.87,60794470,187.84,189.12,187.48
2023-09-01,AAPL,189.46,45766500,189.485,189.92,188.28
2023-09-05,AAPL,189.7,45280030,188.28,189.98,187.61
2023-09-06,AAPL,182.91,81755820,188.4,188.85,181.47
2023-09-07,AAPL,177.56,112488800,175.18,178.21,173.54
2023-09-08,AAPL,178.18,65602070,178.35,180.239,177.79
2023-09-11,AAPL,179.36,58953050,180.07,180.3,177.34
2023-09-12,AAPL,176.3,90370190,179.49,180.13,174.82
2023-09-13,AAPL,174.21,84267930,176.51,177.3,173.98
2023-09-14,AAPL,175.74,60895760,174.0,176.1,173.58
2023-09-15,AAPL,175.01,109259500,176.48,176.495,173.82
2023-09-18,AAPL,177.97,67257570,176.48,179.38,176.17
2023-09-19,AAPL,179.07,51826940,177.52,179.63,177.13
2023-09-20,AAPL,175.49,58436180,179.26,179.695,175.4
2023-09-21,AAPL,173.93,63149120,174.55,176.3,173.86
2023-09-22,AAPL,174.79,56725390,174.67,177.079,174.05
2023-09-25,AAPL,176.08,46172740,174.2,176.97,174.15
2023-09-26,AAPL,171.96,64588950,174.82,175.2,171.66
2023-09-27,AAPL,170.43,66921810,172.62,173.04,169.05
2023-09-28,AAPL,170.69,56294420,169.34,172.03,167.62
2023-09-29,AAPL,171.21,51861080,172.02,173.07,170.341
2023-10-02,AAPL,173.75,52164540,171.22,174.3,170.93
2023-10-03,AAPL,172.4,49594610,172.255,173.63,170.82
2023-10-04,AAPL,173.66,53020290,171.09,174.21,170.97
2023-10-05,AAPL,174.91,48527920,173.79,175.45,172.68
2023-10-06,AAPL,177.49,57266680,173.8,177.99,173.18
2023-10-09,AAPL,178.99,42390770,176.81,179.05,175.8
2023-10-10,AAPL,178.39,43698020,178.1,179.72,177.95
2023-10-11,AAPL,179.8,47551100,178.2,179.85,177.6
2023-10-12,AAPL,180.71,56743120,180.07,182.34,179.04
2023-10-13,AAPL,178.85,51456080,181.42,181.93,178.14
2023-10-16,AAPL,178.72,52516980,176.75,179.075,176.51
2023-10-17,AAPL,177.15,57549350,176.645,178.42,174.8
2023-10-18,AAPL,175.84,54764380,175.58,177.575,175.11
2023-10-19,AAPL,175.46,59302860,176.04,177.84,175.19
2023-10-20,AAPL,172.88,64244030,175.31,175.42,172.64
2023-10-23,AAPL,173.0,55980110,170.91,174.01,169.93
2023-10-24,AAPL,173.44,43816640,173.05,173.67,171.45
2023-10-25,AAPL,171.1,57156960,171.88,173.06,170.65
2023-10-26,AAPL,166.89,70625260,170.37,171.3775,165.67
2023-10-27,AAPL,168.22,58499130,166.91,168.96,166.83
2023-10-30,AAPL,170.29,51130960,169.02,171.17,168.87
2023-10-31,AAPL,170.77,44846020,169.35,170.9,167.9
2023-11-01,AAPL,173.97,56934910,171.0,174.23,170.12
2023-11-02,AAPL,177.57,77334750,175.52,177.78,175.46
2023-11-03,AAPL,176.65,79829250,174.24,176.82,173.35
2023-11-06,AAPL,179.23,63841310,176.38,179.43,176.21
2023-11-07,AAPL,181.82,70529970,179.18,182.44,178.97
2023-11-08,AAPL,182.89,49340280,182.35,183.45,181.59
2023-11-09,AAPL,182.41,53763540,182.96,184.12,181.81
2023-11-10,AAPL,186.4,66177920,183.97,186.565,183.53
2023-11-13,AAPL,184.8,43627520,185.82,186.03,184.21
2023-11-14,AAPL,187.44,60108380,187.7,188.11,186.3
2023-11-15,AAPL,188.01,53790500,187.845,189.5,187.78
2023-11-16,AAPL,189.71,54412920,189.57,190.96,188.65
2023-11-17,AAPL,189.69,50941400,190.25,190.38,188.57
2023-11-20,AAPL,191.45,46538610,189.89,191.905,189.88
2023-11-21,AAPL,190.64,38134490,191.41,191.52,189.74
2023-11-22,AAPL,191.31,39630010,191.49,192.93,190.825
2023-11-24,AAPL,189.97,24048340,190.87,190.9,189.25
2023-11-27,AAPL,189.79,40552610,189.92,190.67,188.9
2023-11-28,AAPL,190.4,38415420,189.78,191.08,189.4
2023-11-29,AAPL,189.37,43014220,190.9,192.09,188.97
2023-11-30,AAPL,189.95,48794370,189.84,190.32,188.19
2023-12-01,AAPL,191.24,45704820,190.33,191.56,189.23
2023-12-04,AAPL,189.43,43389520,189.98,190.05,187.4511
2023-12-05,AAPL,193.42,66628400,190.21,194.4,190.18
2023-12-06,AAPL,192.32,41089740,194.45,194.76,192.11
2023-12-07,AAPL,194.27,47477660,193.63,195.0,193.59
2023-12-08,AAPL,195.71,53406360,194.2,195.99,193.67
2023-12-11,AAPL,193.18,60943700,193.11,193.49,191.42
2023-12-12,AAPL,194.71,52696900,193.08,194.72,191.721
2023-12-13,AAPL,197.96,70404180,195.09,198.0,194.85
2023-12-14,AAPL,198.11,66831570,198.02,199.62,196.16
2023-12-15,AAPL,197.57,128538400,197.53,198.3999,197.0
2023-12-18,AAPL,195.89,55751860,196.09,196.63,194.39
2023-12-19,AAPL,196.94,40714050,196.16,196.95,195.89
2023-12-20,AAPL,194.83,52242820,196.9,197.68,194.83
2023-12-21,AAPL,194.68,46482550,196.1,197.08,193.5
2023-12-22,AAPL,193.6,37149570,195.18,195.41,192.97
2023-12-26,AAPL,193.05,28919310,193.61,193.89,192.83
2023-12-27,AAPL,193.15,48087680,192.49,193.5,191.09
2023-12-28,AAPL,193.58,34049900,194.14,194.66,193.17
2023-12-29,AAPL,192.53,42672150,193.9,194.4,191.725
2024-01-02,AAPL,185.64,82488670,187.15,188.44,183.885
2024-01-03,AAPL,184.25,58414460,184.22,185.88,183.43
2024-01-04,AAPL,181.91,71983570,182.15,183.0872,180.88
2024-01-05,AAPL,181.18,62379660,181.99,182.76,180.17
2024-01-08,AAPL,185.56,59144470,182.085,185.6,181.5
2024-01-09,AAPL,185.14,42841810,183.92,185.15,182.73
2024-01-10,AAPL,186.19,46792910,184.35,186.4,183.92
2024-01-11,AAPL,185.59,49128410,186.54,187.05,183.62
2024-01-12,AAPL,185.92,40477780,186.06,186.74,185.19
2024-01-16,AAPL,183.63,65603040,182.16,184.26,180.934
2024-01-17,AAPL,182.68,47317430,181.27,182.93,180.3
2024-01-18,AAPL,188.63,78005750,186.09,189.14,185.83
2024-01-19,AAPL,191.56,68902990,189.33,191.95,188.82
2024-01-22,AAPL,193.89,60133850,192.3,195.33,192.26
2024-01-23,AAPL,195.18,42355590,195.02,195.75,193.8299
2024-01-24,AAPL,194.5,53631320,195.42,196.38,194.34
2024-01-25,AAPL,194.17,54822130,195.22,196.2675,193.1125
2024-01-26,AAPL,192.42,44594010,194.27,194.76,191.94
2024-01-29,AAPL,191.73,47145620,192.01,192.2,189.58
2024-01-30,AAPL,188.04,55859370,190.94,191.8,187.47
2024-01-31,AAPL,184.4,55467800,187.04,187.095,184.35
2024-02-01,AAPL,186.86,64885410,183.985,186.95,183.82
2024-02-02,AAPL,185.85,102551700,179.86,187.33,179.25
2024-02-05,AAPL,187.68,69668820,188.15,189.25,185.84
2024-02-06,AAPL,189.3,43490760,186.86,189.31,186.7695
2024-02-07,AAPL,189.41,53438960,190.64,191.05,188.61
2024-02-08,AAPL,188.32,40962050,189.385,189.535,187.35
2024-02-09,AAPL,188.85,45155220,188.65,189.99,188.0
2024-02-12,AAPL,187.15,41781930,188.415,188.67,186.79
2024-02-13,AAPL,185.04,56529530,185.77,186.21,183.5128
2024-02-14,AAPL,184.15,54630520,185.32,185.53,182.44
2024-02-15,AAPL,183.86,65434500,183.55,184.49,181.35
2024-02-16,AAPL,182.31,49752470,183.42,184.85,181.665
2024-02-20,AAPL,181.56,53665550,181.79,182.43,180.0
2024-02-21,AAPL,182.32,41529670,181.94,182.8888,180.66
2024-02-22,AAPL,184.37,52292210,183.48,184.955,182.46
2024-02-23,AAPL,182.52,45119680,185.01,185.04,182.23
2024-02-26,AAPL,181.16,40867420,182.24,182.76,180.65
2024-02-27,AAPL,182.63,54318850,181.1,183.9225,179.56
2024-02-28,AAPL,181.42,48953940,182.51,183.12,180.13
2024-02-29,AAPL,180.75,136682600,181.27,182.57,179.53
2024-03-01,AAPL,179.66,73563080,179.55,180.53,177.38
2024-03-04,AAPL,175.1,81510100,176.15,176.9,173.79
2024-03-05,AAPL,170.12,95132360,170.76,172.04,169.62
2024-03-06,AAPL,169.12,68587710,171.06,171.24,168.68
2024-03-07,AAPL,169.0,71765060,169.15,170.73,168.49
2024-03-08,AAPL,170.73,76267040,169.0,173.7,168.94
2024-03-11,AAPL,172.75,60139470,172.94,174.38,172.05
2024-03-12,AAPL,173.23,59825370,173.15,174.03,171.01
2024-03-13,AAPL,171.13,52488690,172.77,173.185,170.76
2024-03-14,AAPL,173.0,72913510,172.91,174.3078,172.05
2024-03-15,AAPL,172.62,121752700,171.17,172.62,170.285
2024-03-18,AAPL,173.72,75604180,175.57,177.71,173.52
2024-03-19,AAPL,176.08,55215240,174.34,176.605,173.03
2024-03-20,AAPL,178.67,53423100,175.72,178.67,175.09
2024-03-21,AAPL,171.37,106181300,177.05,177.49,170.84
2024-03-22,AAPL,172.28,71160140,171.76,173.05,170.06
2024-03-25,AAPL,170.85,54288330,170.565,171.94,169.45
2024-03-26,AAPL,169.71,57388450,170.0,171.42,169.58
2024-03-27,AAPL,173.31,60273270,170.41,173.6,170.11
2024-03-28,AAPL,171.48,65672690,171.75,172.23,170.51
2024-04-01,AAPL,170.03,46240500,171.19,171.25,169.475
2024-04-02,AAPL,168.84,49329480,169.08,169.34,168.2302
2024-04-03,AAPL,169.65,47691720,168.79,170.68,168.58
2024-04-04,AAPL,168.82,53704390,170.29,171.92,168.82
2024-04-05,AAPL,169.58,42104830,169.59,170.39,168.95
2024-04-08,AAPL,168.45,37425510,169.03,169.2,168.24
2024-04-09,AAPL,169.67,42451210,168.7,170.08,168.35
2024-04-10,AAPL,167.78,49709340,168.8,169.09,167.11
2024-04-11,AAPL,175.04,91070280,168.34,175.46,168.16
2024-04-12,AAPL,176.55,101670900,174.26,178.36,174.21
2024-04-15,AAPL,172.69,73531770,175.36,176.63,172.5
2024-04-16,AAPL,169.38,73711240,171.75,173.76,168.27
2024-04-17,AAPL,168.0,50901210,169.61,170.65,168.0
2024-04-18,AAPL,167.04,43122900,168.03,168.64,166.55
2024-04-19,AAPL,165.0,68149380,166.21,166.4,164.075
2024-04-22,AAPL,165.84,48116440,165.515,167.26,164.77
2024-04-23,AAPL,166.9,49537760,165.35,167.05,164.92
2024-04-24,AAPL,169.02,48251840,166.54,169.3,166.21
2024-04-25,AAPL,169.89,50558330,169.525,170.61,168.1511
2024-04-26,AAPL,169.3,44838350,169.88,171.34,169.18
2024-04-29,AAPL,173.5,68169420,173.37,176.03,173.1
2024-04-30,AAPL,170.33,65934780,173.33,174.99,170.0
2024-05-01,AAPL,169.3,50383150,169.58,172.705,169.11
2024-05-02,AAPL,173.03,94214920,172.51,173.415,170.89
2024-05-03,AAPL,183.38,163224100,186.645,187.0,182.66
2024-05-06,AAPL,181.71,78569670,182.354,184.2,180.42
2024-05-07,AAPL,182.4,77305770,183.45,184.9,181.32
2024-05-08,AAPL,182.74,45057090,182.85,183.07,181.45
2024-05-09,AAPL,184.57,48982970,182.56,184.66,182.11
2024-05-10,AAPL,183.05,50759500,184.9,185.09,182.13
2024-05-13,AAPL,186.28,72044810,185.435,187.1,184.62
2024-05-14,AAPL,187.43,52393620,187.51,188.3,186.29
2024-05-15,AAPL,189.72,70399990,187.91,190.65,187.37
2024-05-16,AAPL,189.84,52845230,190.47,191.095,189.6601
2024-05-17,AAPL,189.87,41282930,189.51,190.81,189.18
2024-05-20,AAPL,191.04,44361280,189.325,191.9199,189.01
2024-05-21,AAPL,192.35,42309400,191.09,192.73,190.9201
2024-05-22,AAPL,190.9,34648550,192.265,192.8231,190.27
2024-05-23,AAPL,186.88,51005920,190.98,191.0,186.625
2024-05-24,AAPL,189.98,36326980,188.82,190.58,188.0404
2024-05-28,AAPL,189.99,52280050,191.51,193.0,189.1
2024-05-29,AAPL,190.29,53068020,189.61,192.247,189.51
2024-05-30,AAPL,191.29,49947940,190.76,192.18,190.63
2024-05-31,AAPL,192.25,75158280,191.44,192.57,189.91
2024-06-03,AAPL,194.03,50080540,192.9,194.99,192.52
2024-06-04,AAPL,194.35,47471450,194.635,195.32,193.0342
2024-06-05,AAPL,195.87,54156790,195.4,196.9,194.87
2024-06-06,AAPL,194.48,41181750,195.685,196.5,194.17
2024-06-07,AAPL,196.89,53103910,194.65,196.94,194.14
2024-06-10,AAPL,193.12,97262080,196.9,197.3,192.15
2024-06-11,AAPL,207.15,172373300,193.65,207.16,193.63
2024-06-12,AAPL,213.07,198134300,207.37,220.2,206.9
2024-06-13,AAPL,214.24,97862730,214.74,216.75,211.6
2024-06-14,AAPL,212.49,70122750,213.85,215.17,211.3
2024-06-17,AAPL,216.67,93728300,213.37,218.95,212.72
2024-06-18,AAPL,214.29,79943250,217.59,218.63,213.0
2024-06-20,AAPL,209.68,86172450,213.93,214.24,208.85
2024-06-21,AAPL,207.49,246421400,210.39,211.89,207.11
2024-06-24,AAPL,208.14,80727010,207.72,212.7,206.59
2024-06-25,AAPL,209.07,56713870,209.15,211.38,208.61
2024-06-26,AAPL,213.25,66213190,211.5,214.86,210.64
2024-06-27,AAPL,214.1,49772710,214.69,215.7395,212.35
2024-06-28,AAPL,210.62,82542720,215.77,216.07,210.3
2024-07-01,AAPL,216.75,60402930,212.09,217.51,211.92
2024-07-02,AAPL,220.27,58046180,216.15,220.38,215.1
2024-07-03,AAPL,221.55,37369800,220.0,221.55,219.03
2024-07-05,AAPL,226.34,60412410,221.65,226.45,221.65
2024-07-08,AAPL,227.82,59085860,227.09,227.85,223.25
2024-07-09,AAPL,228.68,48169820,227.93,229.4,226.3721
2024-07-10,AAPL,232.98,62627690,229.3,233.08,229.25
2024-07-11,AAPL,227.57,64710620,231.39,232.39,225.77
2024-07-12,AAPL,230.54,53046530,228.92,232.64,228.68
2024-07-15,AAPL,234.4,62631250,236.48,237.23,233.09
2024-07-16,AAPL,234.82,43234280,235.0,236.27,232.33
2024-07-17,AAPL,228.88,57345880,229.45,231.4599,226.64
2024-07-18,AAPL,224.18,66034590,230.28,230.44,222.27
2024-07-19,AAPL,224.31,49151450,224.82,226.8,223.275
2024-07-22,AAPL,223.96,48201840,227.01,227.78,223.09
2024-07-23,AAPL,225.01,39960260,224.365,226.94,222.68
2024-07-24,AAPL,218.54,61777580,224.0,224.8,217.13
2024-07-25,AAPL,217.49,51391200,218.93,220.85,214.62
2024-07-26,AAPL,217.96,41601350,218.7,219.49,216.01
2024-07-29,AAPL,218.24,36311780,216.96,219.3,215.75
2024-07-30,AAPL,218.8,41643840,219.19,220.325,216.12
2024-07-31,AAPL,222.08,50036260,221.44,223.82,220.63
2024-08-01,AAPL,218.36,62501000,224.37,224.48,217.02
2024-08-02,AAPL,219.86,105568600,219.15,225.6,217.71
2024-08-05,AAPL,209.27,119548600,199.09,213.5,196.0
2024-08-06,AAPL,207.23,69660490,205.3,209.99,201.07
2024-08-07,AAPL,209.82,63516420,206.9,213.64,206.39
2024-08-08,AAPL,213.31,47161150,213.11,214.2,208.83
2024-08-09,AAPL,216.24,42201650,212.1,216.78,211.97
2024-08-12,AAPL,217.53,38028090,216.07,219.5099,215.6
2024-08-13,AAPL,221.27,44155330,219.01,221.89,219.01
2024-08-14,AAPL,221.72,41960570,220.57,223.03,219.7
2024-08-15,AAPL,224.72,46414010,224.6,225.35,222.76
2024-08-16,AAPL,226.05,44340240,223.92,226.8271,223.6501
2024-08-19,AAPL,225.89,40687810,225.72,225.99,223.04
2024-08-20,AAPL,226.51,30299030,225.77,227.17,225.45
2024-08-21,AAPL,226.4,34765480,226.52,227.98,225.05
2024-08-22,AAPL,224.53,43695320,227.79,228.34,223.9
2024-08-23,AAPL,226.84,38677250,225.659,228.22,224.33
2024-08-26,AAPL,227.18,30602210,226.76,227.28,223.8905
2024-08-27,AAPL,228.03,35934560,225.995,228.85,224.89
2024-08-28,AAPL,226.49,38052170,227.92,229.86,225.68
2024-08-29,AAPL,229.79,51906300,230.1,232.92,228.88
2024-08-30,AAPL,229.0,52990770,230.19,230.4,227.48
2024-09-03,AAPL,222.77,50190570,228.55,229.0,221.17
2024-09-04,AAPL,220.85,43840200,221.66,221.78,217.48
2024-09-05,AAPL,222.38,36615400,221.625,225.48,221.52
2024-09-06,AAPL,220.82,48423010,223.95,225.24,219.77
2024-09-09,AAPL,220.91,67179970,220.82,221.27,216.71
2024-09-10,AAPL,220.11,51591030,218.92,221.48,216.73
2024-09-11,AAPL,222.66,44587070,221.455,223.09,217.89
2024-09-12,AAPL,222.77,37498230,222.5,223.55,219.82
2024-09-13,AAPL,222.5,36766620,223.58,224.04,221.91
2024-09-16,AAPL,216.32,59357430,216.54,217.22,213.92
2024-09-17,AAPL,216.79,45519340,215.75,216.9,214.5
2024-09-18,AAPL,220.69,59894930,217.55,222.71,217.54
2024-09-19,AAPL,228.87,66781320,224.99,229.82,224.63
2024-09-20,AAPL,228.2,318679900,229.97,233.09,227.62
2024-09-23,AAPL,226.47,54146020,227.34,229.45,225.81
2024-09-24,AAPL,227.37,43556070,228.645,229.35,225.73
2024-09-25,AAPL,226.37,42308720,224.93,227.29,224.02
2024-09-26,AAPL,227.52,36636710,227.3,228.5,225.41
2024-09-27,AAPL,227.79,34025970,228.46,229.52,227.3
2024-09-30,AAPL,233.0,54793390,230.04,233.0,229.65
2024-10-01,AAPL,226.21,63285050,229.52,229.65,223.74
2024-10-02,AAPL,226.78,32880610,225.89,227.37,223.02
2024-10-03,AAPL,225.67,34044160,225.14,226.805,223.32
2024-10-04,AAPL,226.8,37345100,227.9,228.0,224.13
2024-10-07,AAPL,221.69,39505350,224.5,225.69,221.33
2024-10-08,AAPL,225.77,31855690,224.3,225.98,223.25
2024-10-09,AAPL,229.54,33591090,225.23,229.75,224.83
2024-10-10,AAPL,229.04,28183540,227.78,229.5,227.17
2024-10-11,AAPL,227.55,31759190,229.3,229.41,227.34
2024-10-14,AAPL,231.3,39882090,228.7,231.73,228.6
2024-10-15,AAPL,233.85,64751370,233.61,237.49,232.37
2024-10-16,AAPL,231.78,34082240,231.6,232.12,229.84
2024-10-17,AAPL,232.15,32993810,233.43,233.85,230.52
2024-10-18,AAPL,235.0,46431470,236.18,236.18,234.01
2024-10-21,AAPL,236.48,36254470,234.45,236.85,234.45
2024-10-22,AAPL,235.86,38846580,233.885,236.22,232.6
2024-10-23,AAPL,230.76,52286980,234.08,235.144,227.76
2024-10-24,AAPL,230.57,31109500,229.98,230.82,228.41
2024-10-25,AAPL,231.41,38802300,229.74,233.22,229.57
2024-10-28,AAPL,233.4,36087130,233.32,234.73,232.55
2024-10-29,AAPL,233.67,35417250,233.1,234.325,232.32
2024-10-30,AAPL,230.1,47070910,232.61,233.47,229.55
2024-10-31,AAPL,225.91,64370090,229.34,229.83,225.37
2024-11-01,AAPL,222.91,65276740,220.965,225.35,220.27
2024-11-04,AAPL,222.01,44944470,220.99,222.79,219.71
2024-11-05,AAPL,223.45,28111340,221.795,223.95,221.14
2024-11-06,AAPL,222.72,54561120,222.61,226.065,221.19
2024-11-07,AAPL,227.48,42137690,224.625,227.875,224.57
2024-11-08,AAPL,226.96,38328820,227.17,228.66,226.405
2024-11-11,AAPL,224.23,42005600,225.0,225.7,221.5
2024-11-12,AAPL,224.23,40398300,224.55,225.59,223.355
2024-11-13,AAPL,225.12,48566220,224.01,226.65,222.76
2024-11-14,AAPL,228.22,44923940,225.02,228.87,225.0
2024-11-15,AAPL,225.0,47923700,226.4,226.92,224.27
2024-11-18,AAPL,228.02,44686020,225.25,229.74,225.17
2024-11-19,AAPL,228.28,36211770,226.98,230.16,226.66
2024-11-20,AAPL,229.0,35169570,228.06,229.93,225.89
2024-11-21,AAPL,228.52,42108330,228.88,230.155,225.7103
2024-11-22,AAPL,229.87,38168250,228.06,230.7199,228.06
2024-11-25,AAPL,232.87,90152830,231.46,233.245,229.74
2024-11-26,AAPL,235.06,45986190,233.33,235.57,233.33
2024-11-27,AAPL,234.93,33498440,234.465,235.69,233.8101
